DQ,anshu_1_2_3_4_5_6,1268004927
DQ,shashankp10,1268009487
DQ,JCodeWiz,1268017748
DQ,rahul2124,1268009090
975,souvik150,1268027843
DQ,bs299,1268027176
DQ,Alpha_690163,1268030884
DQ,ManoharEldhandi,1268034499
DQ,ayupattnaik19,1268023990
DQ,talhah20343,1268018928
DQ,rabinschaudhary,1268009348
DQ,Its_yash1123,1268070040
DQ,Narendra-jinka,1268063566
1657,nk8713694,1268024808
DQ,vinod2122,1268050490
DQ,sai_2210030348,1268050114
DQ,Bimal_Maity,1268023404
DQ,shrinivashni,1268081740
DQ,udit0510,1268071282
DQ,shubhammishra4623,1268069455
DQ,BHUVAN01111,1268059138
3767,Harshal_-17,1268057750
2694,SanD04,1268055842
DQ,abhisheksharma010,1268066547
DQ,Robin_Kumar_rk,1268046870
DQ,Rohaan_107,1268048804
DQ,2210030477,1268089719
DQ,nikhateaditya123,1268078397
DQ,Akashsingh742,1268094163
DQ,milendrakumarbaghel,1268076451
DQ,AnyKet100,1268061170
DQ,Nidhi_Satyapriya,1268066068
3089,Pravesh_Trivedi,1268053729
DQ,cse21157,1268059511
DQ,Radhe_Coder,1268083533
DQ,NeelCode861,1268021813
4396,jaywantlugun2000,1268098547
DQ,vetri01,1268090433
DQ,ashish159,1268051365
DQ,nknareshkumar20,1268103078
DQ,RevanthReddyv369,1268089667
DQ,user1428aJ,1268086428
DQ,singh_3662,1268107297
DQ,vikash2906,1268057089
DQ,negigaurav637,1268054416
2533,R-HexclanK44,1268052512
DQ,Shaheen04,1268086027
DQ,abhinav_prime,1268075242
DQ,abhay_vyas__02,1268068119
DQ,yuvaprakash,1268049711
DQ,ivedantsharma,1268087100
DQ,iamabhish24,1268068281
DQ,MNRI123,1268045238
5215,_Aryan_123_,1268079649
DQ,AshishKumar-LC,1268035805
4078,kaushikshreya07,1268073137
DQ,adhiadhithiyan2624,1268102217
DQ,zikraparween70,1268111713
DQ,Shrey0301,1268041987
DQ,manasraj9546,1268098017
DQ,kaushik0703,1268102161
DQ,hacker_302,1268106877
DQ,Mithunajha,1268089778
DQ,DC2415,1268080145
DQ,100_mil,1268078991
3086,goutham_chary,1268083074
DQ,Ragul03,1268101477
DQ,lakshman_999,1268075066
3656,l2210030420,1268094290
DQ,user4272Gx,1268041972
DQ,avanishraj005,1268058235
DQ,karthikyokesh1,1268101445
DQ,Thanush_rd,1268074460
5393,Phagun,1268101969
1353,jvm29,1268014901
DQ,ketan270,1268136689
DQ,hemant46,1268037900
DQ,thasvinipm25,1268117619
DQ,vickyb9,1268080474
DQ,sujo_21,1268123298
DQ,Niki_ta-021,1268107472
DQ,milendra0mk,1268073531
DQ,Nandhini_Gangatharan,1268086647
DQ,BHANU_22,1268132771
5814,alekhyaabbaraju12,1268054984
DQ,NaitikVala,1268091456
DQ,Akashmk,1268044116
4956,shiralegangasagar,1268082864
DQ,mkliop,1268050411
DQ,Bandwidth,1268055391
DQ,tushar8979,1268083682
6216,BiswajitBehera,1268113363
DQ,harshit1110,1268082701
1182,chary2002,1268023282
DQ,Ramlakhan_79,1268049115
DQ,PGadagi,1268086194
6054,bhupendra1404,1268071742
DQ,syntaxSavior007,1268042705
DQ,dhinakarl,1268082787
DQ,leena_05_02,1268088793
DQ,vsv007,1268087141
DQ,Priyanshu_97,1268051957
6380,Yash_7xm,1268141603
DQ,jahnavinssdasari,1268123458
DQ,pendyalavarsha0307,1268096032
DQ,rishavrajprasad,1268090884
6045,Vis46,1268140538
DQ,shubh0711,1268098592
DQ,devananth_aluri,1268145392
DQ,aadityamp01,1268143746
DQ,adityawsome_8503,1268106349
DQ,ni_har15,1268087270
DQ,ROHITH_JV_21,1268144700
DQ,kumbhareanamika,1268132592
DQ,alok91340,1268053995
DQ,Shivram_33,1268105018
DQ,Devyansh0122,1268070514
DQ,sande_ep,1268094611
DQ,anushdubey01,1268040692
DQ,dharani_1207,1268118944
DQ,mayankraj0786,1268066670
DQ,Rithvik_reddy_basani,1268075935
DQ,m1a2st,1268084026
DQ,2210030020m,1268102690
DQ,Sowbhagya_Mohanthy,1268100911
DQ,harikrishnadupaguntla1,1268127609
DQ,navaneels7,1268136516
5368,AdityaGore,1268073330
DQ,sharmasanskar840,1268120008
DQ,i_m__prince,1268056821
DQ,zhanbai,1268078644
DQ,trozen_op,1268104358
7148,pratiksha_164,1268134355
DQ,imparwez,1268143835
DQ,AlessandroVikram,1268131139
6341,AMIT780875,1268133325
7228,Dipesh_Haldar,1268092460
6548,shuklaarav10,1268058893
1206,Priyanshi_134,1268034138
3933,Preetham013,1268070261
7274,pikenta,1268125049
DQ,himanshverma59,1268126755
DQ,manaswitha2014,1268098422
DQ,harsh_saran,1268079118
DQ,kopparapubhanuprakash017,1268061539
DQ,Nitish_Jain722,1268140568
DQ,manaswirajsharma1001,1268076282
DQ,Shubham4621,1268064209
DQ,pesefootballkonami,1268042509
DQ,user0363XI,1268077271
392,derack180,1268014147
DQ,rupam_vallecha,1268014686
696,J_ai_ba__jra_ng____b_ali0707,1268018080
DQ,Amit5577,1268024690
DQ,divyanshubissa88,1268048438
1419,Nishant1308,1268039124
1426,nandisouranil,1268048677
DQ,2210030328,1268048971
1632,gipashuaryan159,1268045264
1645,parashar__manas,1268053797
1676,ifti_taha,1268054448
1728,shaileshkaliya,1268045792
1772,mohitrathore,1268056347
1804,user8240DR,1268057028
1885,pathakharsh2014,1268049342
1924,pavanvaranasi02,1268059432
1950,zac4,1268050545
2071,soamA,1268054130
DQ,Tanya2222,1268053963
2100,user5016RU,1268042364
2119,neerajsahu14,1268053859
2230,aayush47163,1268065811
DQ,imritvik04,1268066138
DQ,rahul_1910,1268066275
2328,DionysusByte,1268048552
2368,omjethva24,1268049316
2376,Prakhil_kumar,1268068444
2398,Sanyam_Gupta08,1268059018
2400,parashar__menace,1268059043
2409,PrashantB307,1268051361
2466,SubhasisPaul_6,1268051121
2475,padmnabh2403,1268051398
2553,user6524bk,1268052933
DQ,2210030372,1268053656
2590,sadekshaikh,1268063089
2603,BinaryBrain404,1268044307
DQ,MBIk42LNhB,1268053894
2640,Sriram_484,1268074228
2667,BearRRRRR,1268064715
2691,AbHI_Bhingradiya,1268055814
2747,Bryanprasad,1268062769
2772,maayannk_,1268041166
2790,RedRidingHood,1268077245
DQ,2110039467,1268067357
2860,shakeebparwez,1268068513
2911,abhinav_0001,1268065321
2923,MarioBhai,1268079905
2932,Juhi_24,1268050656
2943,dhanasekhar613,1268060152
2962,Nittankumar,1268060463
DQ,Dhruv_Seth_09,1268080916
2982,ManthaRaghava,1268081240
2985,sqz0914,1268081277
3046,Arpan_111,1268039225
DQ,phonepyae1282002,1268072848
3076,trisha_tomy,1268062913
DQ,Gautam376,1268073711
DQ,santhoshk27,1268085184
DQ,aaryantripathii,1268075452
3224,arjunsinghal77,1268085806
3228,Eshaan14_,1268085881
3266,itrajeevranjan,1268086655
3277,vishalrayabarapu25,1268077145
3277,vishalrayabarapu25,1268077145
DQ,Pratham8395,1268087055
DQ,Nilogrib,1268058174
3351,bharath4624,1268088772
DQ,Salmank28,1268052749
3381,pratosh,1268089419
3397,Marlboro_Man_10,1268069968
3422,sanidhya2203,1268090274
3447,NeeleshPandey,1268090799
3509,harshraj4423,1268062379
3535,dry4,1268082878
3547,DarkPhoenix14_,1268073125
DQ,shreyansharipur,1268092645
DQ,shivashiga,1268092956
3589,krish_053,1268073925
DQ,Ja1zenn,1268074083
DQ,ajaynirmal9962,1268093601
3626,007rushikeshpatil13,1268064313
3638,rishitkamboj,1268084600
DQ,Parisa_trisha,1268056360
DQ,love123,1268084957
DQ,blessysam15,1268094551
3685,p_code916,1268075811
3695,gknc_NGU,1268095205
3697,Athul_567,1268092249
3725,bobtunde,1268076709
3727,Akshara_Reddy03,1268076720
3734,archonbumper,1268057053
3737,prakharvsrivastava,1268076835
3746,Kushal1605,1268077149
DQ,PRAVEENRAMU,1268086306
DQ,Yalini_s,1268096247
3773,sid0610,1268067394
3818,21881A05D8,1268078263
3900,omkar_leet,1268098564
DQ,Sharonr05,1268099024
3986,Rakesh-konne,1268081483
3990,canniflexx,1268091033
3991,727722eucs179,1268071523
4007,chirag_2641,1268091347
4025,boinisowmya,1268091689
4041,Chandrakanth174,1268082401
4047,preetham948,1268062470
DQ,KUSHAL-RAJ-PAREEK,1268092206
DQ,Kunal_Rajput_,1268101193
4086,sawantsvaishnavi7,1268092769
4117,anandsagar0006,1268102135
DQ,Swetha_vijay,1268102264
DQ,marliyya2301,1268096680
4212,PRUDHVI_BATTU,1268103858
DQ,Chitra_25,1268104015
DQ,fucktheworld03,1268076390
DQ,Aloysius_Geneva,1268083572
DQ,Neha__2003,1268105662
4346,Hackmey,1268078743
4375,Vidhi_Ajmera,1268079267
DQ,Dhinekka_B,1268106810
DQ,Rajeshkumar__,1268079697
DQ,Vivek_0703,1268089379
4440,Yogi_249,1268099334
4445,2210080065,1268108125
4453,The_Binary,1268080997
DQ,nsikarwar496,1268108605
DQ,2210040029,1268109051
4491,sadhvika_badri,1268109170
4510,shagunsharma07,1268092019
DQ,sc858889,1268092135
4529,22wh1a05c1,1268109960
4555,Samyuktha_17,1268092723
4576,2210030383,1268110603
DQ,leo_das_,1268083915
4601,devanshu77,1268102453
4603,imritik21,1268084301
DQ,K-Piyush,1268102653
DQ,2210040075,1268112425
DQ,Shashikant3006,1268095300
DQ,harshm7,1268112981
4705,_shashank_reddy,1268086743
4726,navi_4,1268113661
4740,Meuk,1268096659
4746,Chandu_Maddipatla,1268087674
DQ,2210040119,1268114517
4791,OmkarPatil21,1268114864
DQ,Tushar0sharmA,1268106639
DQ,imdaotfmfaobfiwsnmah,1268089058
4814,KHATIYAN1907,1268115343
DQ,AkashShah1,1268115634
DQ,amanakash,1268089492
4830,Pratham_Upadhyay,1268115757
4832,Sujaya10,1268058274
4837,marielle110603,1268107462
DQ,2210040034sairaj,1268116919
DQ,bikashsah98,1268071704
DQ,Samir433,1268100052
4911,Suryakant_Suman,1268100127
4911,Suryakant_Suman,1268100127
DQ,Aditya_Dhage_16,1268117403
4924,Jatin25,1268109272
DQ,rakeshrk6,1268100476
DQ,blankpage2016,1268100751
DQ,lax_25,1268109744
4948,mizan44,1268118118
DQ,rithvikakumbham187,1268092265
4974,onupama,1268092844
4977,piku_17072002,1268092923
4978,Dheeraj2k,1268118735
4980,Dineshreddy7,1268092980
4989,ngenzy3,1268101897
4994,2210080020,1268110645
5010,navyaganta,1268119180
DQ,R_Jeswin,1268115314
5033,chiragnayak10,1268111536
5046,arpit--jain,1268103279
DQ,ebiinesh,1268116468
DQ,akshitasem,1268120212
5050,saxenaharit23,1268120217
5055,NobilGautam,1268103525
5092,Akhila990,1268076485
DQ,Anu_shka25,1268105107
5135,2210080009,1268113888
5149,kaamui3129,1268096857
DQ,2110030230,1268114094
5159,2210080021,1268097185
DQ,botika_teja,1268088573
5198,Harika_30,1268123162
DQ,vishal_kr_verma_,1268123929
5236,Bhuvanika_80031,1268123980
5246,Subhadip_Mudi,1268107693
5260,hp2210080054,1268124452
DQ,vinGupta_20,1268091770
5350,AryaJanjire_2812,1268126018
DQ,SUNITHA_RAJ,1268101426
DQ,tamizh_17,1268083222
5391,sambumadhuri2003,1268101939
5392,jacksonchen1998,1268083671
DQ,soulnote,1268111138
5414,anandsagarim,1268093782
5434,am9931an,1268111509
DQ,vinay_saran_jj,1268111737
DQ,vinodchouhangiri,1268120285
DQ,Muskan_23,1268120427
DQ,leksianagarajan,1268128392
DQ,VIDHYAJ_2006,1268106707
5489,Devakesavan,1268128593
5501,ashi2004gupta,1268107350
5504,ganeshv001,1268128950
5534,jovan_2005,1268129710
5547,Arihant_Singh_Rana,1268087449
5548,2210040144,1268130113
DQ,Keerthana_20506,1268126698
5571,Var_shini2005,1268130591
5601,2210040050,1268130999
5611,diksha_64,1268131184
5635,2210080053,1268131647
DQ,bharathisri,1268124598
5684,2210040068,1268108297
5725,sakship237,1268117644
DQ,kshitijv09,1268125667
5741,shivam_dangi,1268082646
5744,official_hemant51,1268133968
5745,Samyana_40032,1268118089
5747,saipranavi_20,1268133980
DQ,2210030087,1268134321
5782,BALAJIGAIML,1268134690
5786,zubairsyed410,1268102046
5824,aishwarya_perumalla,1268135476
5862,harshitgupta0910,1268056294
5870,gokul_33,1268112527
5875,Nirdosh2004,1268128610
5876,shreerahuls,1268136599
5887,BadshahShivam,1268095490
5913,user8030ED,1268137592
5919,siva0910,1268121873
5920,Priyanshu_Varshney7,1268137762
5944,Manoharig11,1268138394
DQ,2210040040,1268106210
DQ,2210030494,1268123106
5972,itz_phr,1268123239
5975,raj80525,1268098075
5983,gnaneswar1183,1268139151
5999,paridaanshuman48,1268107254
6003,thamizhvendhan,1268123812
6012,LatheeshSaran,1268139677
DQ,2210040054,1268139815
6023,anubhav_baranwal,1268132125
6035,Shivam4672,1268124637
DQ,nithanya325,1268124867
DQ,2210030083,1268140516
DQ,2210040084,1268124939
6059,gitika-23,1268140882
6067,darshanbastawade96,1268117520
DQ,2210040047,1268141035
DQ,klh_2210030077,1268133511
DQ,Sourabh0407,1268117756
6090,naman_agrawal3,1268125897
6107,Poojitha_2210040055,1268126286
6115,Kamaleshr_23,1268126559
6116,aravindhanm,1268141812
DQ,Manoj_varma95,1268118873
6135,2210080030,1268127015
6157,ManikantaKSN,1268119697
6171,knt234,1268128063
6174,ravi192003raj,1268136112
DQ,2210080008,1268120679
6201,SurajKamal,1268121165
DQ,vedantsrivastava42,1268129290
DQ,Samvardhini__,1268091588
DQ,riteshraj140104,1268124882
DQ,riteshraj140104,1268124882
6249,227R1A05Q7sameer,1268138338
6252,kartikey071999,1268105944
6266,khushboosinghal25,1268123063
DQ,Sreenithi30,1268106477
6272,20epci010,1268106717
6343,deepak9285,1268133355
6344,pranithakm,1268133382
6351,deepakchucky,1268117680
6356,varikootisrrihitha,1268133637
DQ,alok_kumar0987,1268125874
6399,Sivaneyaa,1268126903
6401,Mryash08,1268143286
6415,singhspandana,1268135316
6418,pavani1509,1268135393
6435,rbiswas876,1268142289
6438,22R05A0501,1268135877
6442,IamMdImran-solver,1268142318
6450,sanjaysarveshcj,1268136183
6460,reno4705,1268136501
DQ,Tankaraprajwala,1268144520
6517,Spavined,1268096893
6545,manojkoneti05,1268097546
6547,Soni_Shubham,1268145833
DQ,vishnuvel,1268146239
6561,teju_chowdary,1268131087
DQ,magimsd007,1268146649
6576,yesh_007,1268146922
6580,Mudhasira04,1268147120
6584,Swapna16,1268124091
6595,kashoutosh,1268116457
6597,S_SIDDHARTH,1268132491
6603,Lahari_Betavolu,1268147686
6604,royalrohit9699,1268147775
DQ,brp_2002,1268140721
DQ,brp_2002,1268140721
6634,abhaypratapsingh5353,1268100920
6652,Sumaharshita,1268141834
6670,kpulkit581,1268127754
6680,user2980xz,1268111577
6689,sriramkrchandran007,1268135997
6690,Shashi_kanth,1268128099
6692,yadavkanishk57,1268142339
DQ,sri_harinni21,1268112199
6697,aman_088,1268071488
DQ,kondapallyjanardhanrao,1268128952
6717,VINOTH_D,1268144254
6722,kamal717,1268129242
DQ,2210040140,1268121761
6736,preyansraval24,1268129621
6743,user8749v,1268145037
6753,SOUMYAJIT_GHOSH,1268145308
DQ,MukkamulaVivek,1268146483
6802,Kaleen123,1268146687
6816,aditya_zende,1268098872
6833,anuhya12A,1268124791
6863,gugulothsrilakshmi,1268125868
6868,itshemu,1268118418
6889,kavya_234,1268127157
6902,Adhith_M,1268136030
6917,saimanish024062,1268143738
6927,Srujan_79,1268137208
6933,kedardeshmukh2003,1268129595
DQ,KrishDholeria,1268130317
6954,user5321rp,1268130524
DQ,HKSuryan,1268146786
DQ,harshdhakad933,1268139627
6987,vikram_vikky,1268124069
6990,originalpandacoder,1268107798
6993,lakhanrathod,1268132562
6998,simran_prajapati06,1268143161
7005,Hari_Sudarshan,1268123719
7007,nisha_486,1268140948
7016,pallab001,1268141411
7023,chaithanyakrishna28,1268126442
7065,Ayushiigarg,1268143902
7075,srisuryanagalla,1268137550
7092,PiyushAgrawal123,1268145813
7101,KarnatakaManaswini_1702,1268138752
DQ,SUDHARSHAN_AIML,1268139096
7110,prakher78,1268142877
7123,SMajumder2003,1268131937
7149,janhavi_0123,1268141722
7161,Vasanthdache,1268135864
7166,Tahniyath,1268142441
DQ,rishi_33,1268128713
7173,_a_m_a_n_,1268104613
7179,Ankush9140,1268144929
7180,Harismita_Ragupathy,1268144966
7184,Vivek_kumr,1268122239
7195,vasanthss_21,1268142776
7202,Nayanmandal,1268146179
7210,parv_munjal,1268123819
7217,23520305,1268120566
7232,shanu8912,1268134789
7242,Ram1240,1268143660
7267,Dhruv1701,1268140059
7288,AkashN23,1268127198
7295,albert0909,1268143673
7296,veedraj,1268143816
DQ,vaishnavi_kanade,1268124839
DQ,yuva22,1268146395
DQ,psaiabhi23,1268146998
7314,__Shubham__18,1268147241
7338,pavan_247,1268142840
7359,hussaintalib12386,1268145062
7364,DevJobalia,1268130630
DQ,subhadippati30,1268147793
7379,Priya_dharshini_A,1268144208
DQ,Saran_SJ,1268134356
DQ,JaeYeon_Cho,1268133659
DQ,Rajat12890,1268126142
DQ,hks260103,1268147333
DQ,SUHAILSUHAIL,1268141504
7413,p2ps,1268126051
DQ,TempAcc91,1268021413
