DQ,oorIDEfBfx,1297264229
DQ,bdyby9871,1297277257
DQ,rajukar920,1297277557
DQ,kritik05,1297282995
DQ,aayuushh15,1297284428
DQ,Devanshu-Sharma,1297285440
DQ,solo23,1297282055
DQ,varunguptaedu,1297291332
DQ,Yousefsalem,1297291842
DQ,Tokladbaa,1297286603
DQ,Variable248,1297295702
DQ,Prakhar_rohra,1297297706
DQ,jwacker19,1297299210
DQ,nayak25250,1297299522
DQ,lavz_03,1297300162
DQ,Rishu-Kumar-Sharma,1297300713
DQ,DeepanshuJindal,1297285483
DQ,ampercentp,1297301963
DQ,KUNALBANSAL12,1297286237
DQ,surajkoneru,1297302242
DQ,aryaman01,1297294719
DQ,KingKinjal,1297294784
DQ,SanchitVijay,1297303828
DQ,anujshandillya,1297304488
DQ,aravintcs176,1297304728
DQ,cHDstsIOj9,1297296816
DQ,Lost_dawn8289,1297289178
DQ,Hell_Coder,1297297920
DQ,jainmanan0296,1297298856
DQ,Shub_1712,1297307368
DQ,maithri-3,1297300184
DQ,L_08,1297301526
DQ,raj18verma,1297301639
DQ,amanpriyank2,1297309468
DQ,Harshitcode,1297294634
DQ,mahtab2ahmad,1297304526
DQ,alokp07,1297297144
DQ,AbhIshEk_-08,1297312877
DQ,Priyanshu_PM,1297313227
DQ,theharsh2k,1297305950
DQ,hearbeat,1297306046
DQ,prashant2402,1297306121
DQ,anshukumar14349,1297313895
DQ,utkarshsahay674,1297306715
DQ,arya_lakshmi_2910,1297306801
DQ,rohitshing7363,1297283621
DQ,Chandanread7,1297292027
DQ,Samuvin007,1297307950
DQ,vibhanshu2023,1297315923
DQ,nangal_wala_2003,1297308457
DQ,BlackMamba_12,1297300579
DQ,amarpreetcodes,1297316209
DQ,deepaksingh_245,1297317508
DQ,z22756392z,1297302321
DQ,xkeycode,1297310536
DQ,dhruv_codes04,1297294941
DQ,x0l1woWOeK,1297311025
DQ,shanmukh_2205,1297303359
DQ,its_anshul,1297311444
DQ,ArshpreetKaur,1297312098
DQ,_ravij,1297304462
DQ,Orbeez,1297297685
DQ,ishan01062001,1297321763
DQ,vp190269,1297314798
DQ,believer_alam,1297314984
DQ,Luvchaudhary,1297322620
DQ,wasim_khan0101,1297322831
DQ,hSay5,1297316546
DQ,Badal_gupta123,1297316889
DQ,Sreeram_Vipparla,1297309318
DQ,_snehal_shah,1297324748
DQ,willingly_me,1297317735
DQ,triprince73,1297311642
DQ,meetgoti07,1297303984
DQ,diligent_aman,1297319402
DQ,gautamop,1297312505
DQ,suraj_singh17,1297327257
DQ,codenahihorha11,1297327294
DQ,adi_209,1297320508
DQ,aarush_badkur30,1297313408
DQ,Tejasava-Srivastava,1297321074
DQ,Aditya-R-Rana,1297329744
DQ,turb0cyb0rg,1297330036
DQ,vrishi7654,1297330427
DQ,Surajs07,1297328648
DQ,sanjaygurjar741,1297330984
DQ,Ankit_180,1297331042
DQ,code_rrt,1297309279
DQ,akshat_nin,1297331319
DQ,cape_of_hope,1297324952
DQ,two_pointers_2,1297318489
DQ,maruti_magha,1297311146
DQ,Atriavo,1297295571
DQ,varunprashanthnaik,1297319276
DQ,dijvivek,1297326933
DQ,priyanshur_754,1297312543
DQ,Suraj_2114,1297334037
DQ,Vishnu_kumawat,1297334101
DQ,naman8033,1297328343
DQ,kingm01,1297315414
DQ,Aditi_Arana,1297323620
DQ,ZPLfSME6JC,1297330976
DQ,rk232,1297324752
DQ,shivi2002,1297338217
DQ,its___amaan__,1297332448
DQ,Dhruv689,1297318508
DQ,utpalanand5,1297325869
DQ,dev_endra_singh,1297329920
DQ,fZjXkLrZDf,1297333337
DQ,vellacoder_1124,1297326815
DQ,Abhishek3191,1297333673
DQ,ragshiv,1297328722
DQ,ghmtech,1297329306
DQ,Rishi_077777,1297330362
DQ,Pradeep_km,1297343345
DQ,Ritvik_Mittal,1297330590
DQ,Code-Buster,1297330591
DQ,utsabhaldar,1297300700
DQ,aries1232,1297331586
DQ,sakshidubey_04,1297331697
DQ,vishalmukkannavar690,1297338417
DQ,atul7091143875,1297344923
DQ,sanat_prasad,1297345160
DQ,bhanux100,1297339021
DQ,shreyanshchaubey,1297339788
DQ,user4762Cr,1297340788
DQ,Ashrith_1616,1297321671
DQ,mayank2816,1297348896
DQ,like_Rounak,1297336455
DQ,kartikm4114,1297330321
DQ,wize_wizard,1297349577
DQ,edulacharmi,1297343523
DQ,rhl2002,1297343640
DQ,Dewansh16,1297349907
DQ,SoarerEternal,1297317227
DQ,zatharox,1297324864
DQ,vansh_11,1297344937
DQ,aditya_ghyar,1297345437
DQ,vajaniharsh124,1297326491
DQ,rajukumar1972003,1297326984
DQ,punkcyber745,1297333725
DQ,wizardmath1729,1297319926
DQ,shreyp089,1297346582
DQ,dhaval14,1297340461
DQ,ritik5024,1297341069
DQ,ajaykumarajay2582,1297353694
DQ,nani47218,1297351899
DQ,SUSHWAR1612,1297342278
DQ,vijaylingoju,1297349225
DQ,harshbansal699,1297349635
DQ,anuj_paroha_22,1297330737
DQ,valak_,1297337675
DQ,HARSH_1211,1297337783
DQ,_brucewayne_,1297324555
DQ,aidnitra_98,1297344661
DQ,nishank24,1297344908
DQ,harchitgulati24,1297318079
DQ,q6BqfwxBMZ,1297326087
DQ,ayushkala16,1297345799
DQ,Harshit5837,1297358955
DQ,yashkumar308621,1297347137
DQ,mallikarjuna712,1297335274
DQ,vikram_7,1297360391
DQ,advaitam,1297341912
DQ,Bajaj2O,1297348141
DQ,khushi_20047,1297348351
DQ,gdivyanshu_22,1297360846
DQ,sukriti_,1297348828
DQ,sparshnagpal2204,1297361353
DQ,mkNexus,1297343242
DQ,Aayushman19,1297361935
DQ,Neeraj_Mayur,1297343759
DQ,Ishitav24,1297316776
DQ,AdityaChaudhari03,1297362748
DQ,22r01a6259,1297362825
DQ,Ajay_Bind,1297350312
DQ,its_V_Borate,1297357230
DQ,vasusingla545,1297352233
DQ,shiv12131,1297326880
DQ,lazy_coder_44,1297332685
DQ,stunner18,1297360418
DQ,Chetan_Chaudhary_,1297354734
DQ,mtanu0126,1297361253
DQ,Ank_it13,1297361309
DQ,somiya_2353,1297361734
DQ,jenasandipan,1297355427
DQ,bidyasagar_25,1297361993
DQ,Gamanaram_Choudhary,1297343361
DQ,Ayushps20,1297349599
DQ,paramsri_0206,1297337228
DQ,gaurav024,1297356268
DQ,sri_hari_24,1297345808
DQ,karankr_578,1297352490
DQ,geekyrunner_86,1297347140
DQ,Flagsmasher24,1297354017
DQ,tracey432,1297348215
DQ,yug_tyagi,1297342012
DQ,its_akshayyyy,1297348504
DQ,Vinit69,1297361130
DQ,danger_24,1297343101
DQ,BinaryWhizX,1297356061
DQ,vaibhavsingh18,1297360380
DQ,_Ayush_Mehta,1297360445
DQ,SUPER_HUMAN,1297348594
DQ,NirajKumar_12111464,1297343079
DQ,SomShivGupta,1297358242
DQ,hemanth_39,1297346289
DQ,shubh__gupta,1297340110
DQ,prateek2pathak,1297335604
DQ,anshudwivedi49,1297362074
DQ,Himanshu_Yadav17,1297356145
DQ,shreyanshu7,1297345812
DQ,Lokesh_Mehar,1297358987
DQ,bikkigupta378,1297361963
DQ,sam1174t,1297351645
DQ,qwerty4884n,1297320942
DQ,karanydv48,1297361724
DQ,Bhavyabansal1,1297349944
DQ,lil_senpai,1297303519
DQ,akhilpatnaik1234,1297314704
DQ,Kesarwani_1999,1297350279
