371,Rahul-Awasthi,1297335883
950,TharunKumarReddyPolu,1297267197
1230,ChetanSonigara_07,1297275261
1292,antrixsh,1297268462
1574,jaiswalshubham502,1297267043
1593,aishik2002a,1297267490
1754,Ujjwal_Singh2003,1297287971
1951,dg18,1297292318
1971,Akshay1983,1297292765
2260,Gokulan_N,1297291388
2288,karthikbolla_1,1297291757
2296,i_aashish,1297299692
2342,sammeshach023,1297292754
2347,sdfghjhkiytrewsqdwfgb,1297276935
2485,kunal23kmr,1297303397
2717,ponkrishnanp,1297308087
2834,tyagidev04,1297278442
2874,ganesh-utla,1297295135
2875,parthhalwane,1297295138
2954,xvisierra,1297312417
3074,rahulbansal530,1297298631
3312,211FA04639,1297311003
3350,sprajjawalsingh,1297288263
3386,Sharky1507,1297319789
3474,Consistent_98,1297321312
3665,dxs_prashant,1297309593
3676,Shrey12,1297309839
3712,tarunvaka,1297318025
3854,user9947LG,1297328289
4098,Harshini_Balanagu,1297325893
4269,REAPER2132,1297307239
4336,Swapnil_Chowdhury,1297316437
4363,rohithaaiswarya_h,1297324455
4381,blahblah321,1297317496
4477,rajavarapuavinash57,1297312217
4613,chauhanjainil305,1297315318
4753,vivekverma94200,1297345159
4864,varshakongara,1297341268
4901,sdutta1103,1297342032
4929,sameer844,1297342479
4936,Saranshg1804,1297299680
4943,ARUN_PRASAATH_G,1297349061
4994,Malay01,1297337756
4998,AadithyaS,1297350354
5026,yuvaraj_04,1297341467
5167,Maruthavanansv,1297346210
5209,mohamedjunaid,1297354732
5233,NARLA-VENKATA-ANAND-SAI-KUMAR,1297342963
5252,5oo5,1297343264
5307,Monika_sri_NS,1297356609
5327,42M8DF6gSG,1297344590
5376,aishwarya_perumalla,1297351755
5430,mayankraj_0405,1297346704
5465,pranaybunari,1297359719
5545,Hari_Sudarshan,1297361560
5579,user8420C,1297324967
5618,Jaskine36,1297344474
5659,manoharig1111,1297357906
5704,ahamedIsmail,1297334287
5802,naraink007,1297362520
5854,suvarnaraju123,1297339650
5896,AIdrifter,1297359917
6000,Pawangupta7737,1297304315
6008,p-h-o-e-n-i-x,1297358920
6038,phantanhoancuong,1297348129
6090,theHaL253,1297352650
6092,Karthikeyan008-,1297352978
6120,HEMANTH_PERALA,1297349472
6154,Kishore_CU,1297359165
6252,thytran1402,1297333915
6267,KawinP,1297290578
6286,hardcorejemison9,1297265237
6292,Sri_HariS6899,1297290769
6293,Sriram_710,1297310457
6297,Aswathkumar007,1297316895
6300,narenbalajijJ,1297312855
6302,hafeezmohamedv,1297327704
6305,shamR_0613,1297334736
6306,aravindhanm,1297334288
6308,Naveen471567,1297308980
6311,21ceubs060,1297334539
6317,Dandewarmanasa,1297353588
6319,JeevaS2003,1297357130
