255,D0000t,1374366678
DQ,ujju_07,1374354145
DQ,neveci,1374351100
DQ,rishikeshanb,1374350629
DQ,anupam020202,1374354478
DQ,21981a0507,1374383089
379,ovd2002,1374348953
389,Poojitha_T,1374351283
DQ,ContestHacker007,1374383594
425,avidyarth12,1374358554
DQ,Vab-pixel,1374368336
456,Rishi-584,1374331713
DQ,charan_gowda_bm,1374375871
DQ,Shivasai_15,1374349849
DQ,Abcd9565,1374372402
DQ,Mahendra_Uppalapati,1374362047
DQ,omsathawane1000,1374388111
DQ,Vandna18,1374355626
DQ,Sanskar0705,1374388308
DQ,Abir_Saha_,1374372213
DQ,SATHWIKAMADARAPU,1374363952
DQ,Toxic_Star09,1374354938
DQ,Devaditya357,1374355127
1664,NikhithaMNS,1374347848
1719,praneethpydip,1374350335
1746,FaizanKhann,1374351327
1786,vedant2003,1374352949
1830,thapasijan171,1374354615
1865,Tharun_Luffytaro,1374355669
1905,dishhaa03,1374349453
2105,A_BS,1374362413
2138,shrinivashni,1374356082
2167,deepikak13,1374356835
2261,7xl7ARXLi5,1374358958
2313,Gowri_Shankar_Danthanala,1374360333
2532,Stack_11010,1374365706
2611,raj984,1374359994
2616,unwantedboy,1374367385
2617,minature,1374360098
2661,AashayCodes,1374368563
2669,qWERTHYJUK,1374361546
2695,YashankSingh,1374362277
2810,ishaangupta1104,1374372045
2841,Shhh123,1374372770
2946,abhinavmittal2003,1374375083
3186,ansh074,1374372315
3259,fpranshu,1374388345
3500,Yerra_Abhishek,1374385860
