62,HnBx4Kh21T,1312281302
145,Songhao_SeekingSDEJob,1312296127
328,itsmeashu,1312307982
370,onichaan,1312300258
442,kaushikankitsharma,1312304852
463,mouli_dutta,1312280886
479,rajverma9719,1312309958
488,rafi_zahedi,1312312028
639,khanghn,1312283966
854,uf21-2,1312303800
875,sushree008,1312306176
902,abbymyz123,1312340091
1062,itzdenkivn,1312316847
1161,Maverickkk,1312350700
1224,xtlin,1312342357
1238,Diveyam_Mishra,1312369598
1296,TyVeGko7XM,1312378486
1571,baidujoker,1312361847
1574,tc80,1312384022
1586,Sunil_Kumar_Kalagarla,1312360681
1592,Bhargav_chirmadasu_30053,1312370343
1604,little-avel,1312326784
1620,sk244184,1312363886
1817,rishabh5799,1312329362
1829,JS_King_00101,1312359174
1976,samyak_cool,1312363586
2057,Syamantak_Bharti,1312324178
2101,micky2428,1312389884
2116,Tirthraj-Raval,1312366949
2153,gauravtiwarrii,1312325368
2199,dhruvg04,1312386782
2211,Nikhil1409,1312323972
2231,the_one_and_only,1312395393
2287,sujankarthikm,1312335334
2415,SambitSathua,1312302816
2445,muraliflash24,1312380713
2449,test_th,1312332427
2462,710814107,1312324259
2778,xrxiao,1312280499
2912,Red_inside,1312287673
2921,michaelyuyue2012,1312277409
2932,shreyarai1503,1312277718
2943,O3O,1312288392
3020,datalinx,1312291030
3279,abhikritI2I2,1312296941
3894,Sharkh,1312297684
3920,anshulsingh01,1312306730
3940,MykolaSolonskyi,1312288938
4086,vijay_patidar75,1312309330
4160,user7111DV,1312310317
4413,shyam_duba,1312296195
4477,thamarai_d,1312314369
4494,kaustavepari,1312306011
4754,atharvabhadange7,1312317516
4958,xul2022,1312311567
5000,nirnay_j,1312303450
5028,Gavesh23,1312294747
5170,rishtripathi998,1312305295
5279,curiousdead,1312323737
5856,nandu_2428,1312314165
5953,Manu9084,1312323540
5973,Pengu_98,1312331900
6473,nareshr2005,1312304361
6568,lraghuram14,1312338778
6700,user6801cR,1312324267
6765,0Fz9XulHmm,1312341168
6815,3SnHitFaQ0,1312317549
6971,KoushikReddy24,1312327455
7029,Karthikeyan_M_A,1312344582
7101,pritishbhakat,1312345392
7217,bug_byte,1312347229
7591,Shiv19_03,1312352333
7717,Pawan_Gupta6377,1312346116
8076,ath3n1x,1312351355
8142,darshika5406,1312360459
8207,Deevanshi04,1312338968
8287,vikaskanukanti,1312346543
8436,MeetMRP,1312340701
8529,sujan_12_nani,1312358393
8566,shalinishalu,1312364296
8708,Rtarachan02,1312353542
8759,SAHANA_THIRUPATHI20,1312321799
8861,Muderface,1312371368
8988,raghavapurapuch,1312365784
9061,himajakinthada,1312367125
9149,ADITYA200456,1312375690
9233,sammeshach023,1312369835
9248,omghumre,1312370112
9382,indexmefastcom,1312357001
9408,Morty95,1312372789
9875,vaibhavgupta_0403_,1312373000
10146,abhijeet179346,1312386000
10149,anushka_dwivedi_,1312386025
10494,dharani_1207,1312386387
10569,parishameerut,1312387648
10584,princesahoo659,1312395007
10868,prathameshghod,1312379727
10897,Scroyle,1312388058
10938,prakharaawasthi41509,1312389616
11033,satrianusa10,1312393078
11286,Hikari-Tsai,1312402799
11410,user6108Ee,1312346479
11455,8XnDmsx3kl,1312379302
