1649,reshamgupta,1351557513
1742,virat212,1351560875
2104,TripathiTanmay,1351571887
2149,Consistent_Contest,1351573444
2319,Bhawna24,1351571627
2398,Zeus_28,1351573991
2515,tranhaiancpp173,1351583687
2520,_SRI_RAM_,1351577229
2531,HimanshuYadav1424,1351584001
2612,therishiagarwal,1351585879
2697,AyushGupta1254,1351587892
2758,tanish_jindal,1351576121
2780,albingeorge,1351589605
2806,avalynndev,1351583749
2856,Utsav_K19,1351584617
2892,sonakshi08,1351582659
3057,Akshat_Goel,1351595045
3087,fwafwwtwtt,1351595733
3090,himanshutembhe,1351585563
3108,harshit__singhal,1351590100
3248,shiven3125,1351584862
3260,harikamahapatro,1351593711
3268,Albertont,1351599854
3270,StartrekI,1351587452
3335,Gaurav_Sharma007,1351589038
3395,Rithwik_D,1351583940
3401,firstnigga,1351596724
3404,Sarvesh_Kumar_LCB2022048,1351584104
3414,Neha_g064,1351584898
3443,srishtichaturvedi2912004,1351584309
3544,Hemanth_kumar27,1351600060
3565,pawankumarsahu620703,1351606218
3644,karpagam29,1351595244
3653,SamKr,1351584136
3671,anushka_1109,1351608928
3685,moutama,1351609179
3719,Shantanu-1378_,1351609857
3776,komalmeena_02,1351593378
3802,prabhuprasadsahoo1,1351605711
3818,zulankm,1351611740
3851,girish_kumar_arugonda,1351606580
3906,Slagnajitt,1351607763
3910,chorko_c,1351596109
3996,2022aparnapandey,1351615344
4042,SUGANYA_SENTHIL_KUMAR,1351604518
4066,Tarun314159,1351610687
4184,Vaishika_S,1351618985
4191,22881A05F9_,1351619051
4263,Sanjayp_Khandan_M,1351620857
4271,Singuluri_Naga_Syam_Praneeth,1351621010
4352,ishans24,1351617128
4360,mohantyabhi111,1351623383
4418,random2023,1351624556
4487,3JUE8w0ofg,1351608774
4491,Vaiofficial,1351620666
4538,Vishalinimcsed,1351610297
4544,Swarnadyuti,1351622518
4597,OjasMittal,1351600472
4655,ANJANI_VENGALA,1351613738
4729,Shatakshi_84,1351623829
4734,bhansaliMadhav,1351624176
4790,cmQ6YqXx1r,1351610234
4809,A_K_16,1351623681
4845,aswin2366,1351611407
4849,katyayanich2312003,1351623795
4870,Sowjanya_2301,1351621918
4873,adinarayanofficial,1351623498
4936,GOUSHIKA77,1351593903
4999,Suparna_Chakraborty,1351576198
5028,Hemanth_5603,1351587539
5035,Escajaysin9506,1351584926
5076,21241a1227griet,1351595643
5103,gopikagoyal3336,1351607970
5104,noobcoder_18,1351608706
5146,Gyanendu2023,1351599014
