5384,pandeysujal04,1249559666
6924,mjgupta9135,1249531782
6930,aadi_01,1249527131
7146,__nf3,1249526693
7530,narendraydv12,1249572854
7581,utkarsh_kumar_2802,1249570823
7830,mahesh2003cse1116,1249524847
8079,NTlL3xZNqp,1249571189
6476,sumitpayal99,1249597591
8421,raushan-thakur,1249546423
7372,Ganesh_Sharma,1249600817
8603,rushabh_rn,1249567418
8638,sidgautam007,1249593759
5131,nasaheck,1249603028
5291,sumit1906,1249604258
8973,adhishthanashok,1249582296
7245,ashwinilaxmikanth04,1249591030
9099,S_Arman,1249585321
8812,prs_386,1249602910
9208,satyaki_,1249570852
8657,nikkhilsharrma492,1249613172
8376,prashantRaghuvanshi,1249623531
7527,chaitanya7180,1249616106
9529,21052550,1249591111
9112,galawaydude,1249582514
7239,mittalpranay003,1249618684
9625,Srimathi_sri_3,1249606873
7209,Pavan_kumar_j,1249610998
7557,manik_khan02,1249627108
7566,vikky_cse,1249578908
9794,vikasm7440,1249612485
9824,Shivambhat123,1249607243
9834,Deepanshu_Singhaniya,1249598030
9837,nitishkumar012,1249613636
9847,soham_7707,1249618279
6973,Savi_23,1249614821
9169,gangesh9,1249615967
7671,sweta312002,1249609286
7862,vsai5120,1249609602
6754,pankajpanwar02705,1249609871
7188,ayush2448,1249610724
6654,shivek07,1249610872
6755,kiteratsu30,1249594335
8201,shashanky1502,1249613639
10188,Nandhini_Gangatharan,1249604813
10288,Gifty_Gracelin,1249632179
4489,Naresh_Choudhary,1249616162
4165,harshbhar_0629,1249608405
8758,AlphaHokage,1249617091
10395,Prince_Peeris_J,1249629497
9647,Manishankar_bag,1249618385
10468,Agnus_Serena,1249640139
10469,Inbanv,1249637595
10543,BEAST_17,1249639522
10575,kr966482,1249641932
10143,janhvip31,1249621578
8850,lcb2021047_iiitl,1249614089
10657,21R01A66B8,1249620450
8869,SnehalSalokhe,1249615723
9828,dablu02,1249608409
9691,maaswin03,1249631989
4614,shaileshwaran714,1249624666
10567,Shreedharshini,1249647894
10666,Harimathi,1249648109
10209,Claron,1249648454
9008,Maverickkk,1249604599
10950,Nihitha_devi_S,1249637992
10951,B_Gayathri,1249629172
11007,user3364Bk,1249636434
7984,LeoNik2367,1249646007
8771,sahil3014,1249600525
11107,mahin__7686,1249602472
9547,harshkumar14111801,1249601679
10557,shashankraj_,1249654246
11176,badmaganth,1249650885
11207,Sobiga1102,1249631039
10898,AbhayLodhi24,1249636344
11251,preethisivdr,1249653076
11262,Dineshcoding,1249649952
10744,Ratan_Kumar_Thakur,1249650460
11294,Aafreen_2005,1249655549
8893,Rohit_bits,1249606816
11293,Pranav2005,1249658699
11346,aarthiswetham,1249626748
11352,Hari_49,1249656031
11378,nandyt91,1249656444
11476,Deepa_2006,1249624684
11530,Darkshadow463,1249561045
11326,Reshma_1104,1249662920
9912,nani47218,1249605458
11292,hemanth_varma_,1249645965
11410,devadhathan,1249646109
10546,nayan60,1249608733
11695,vamsibalivada25,1249647895
9618,WHem62WFOH,1249601981
11762,vivek_halder,1249620804
11776,krithick__,1249633240
7518,lavishgupta,1249643788
11915,Pradeesh89,1249565245
9987,Shah_Namra,1249617858
10961,ahmedadel3,1249645008
11150,REAPER2132,1249617115
12132,anirudh7076,1249569995
10980,tanishqsingh,1249655992
11857,lakhanrathod,1249625596
12149,chirag-agar-wal,1249632206
12013,shuklaavanish729,1249662318
12314,madhavmadupu,1249645569
11318,user0958Gq,1249604753
12332,Rohitkumar12828,1249643444
