1425,anujkumarsingh4817,1274810040
DQ,Balu0103,1274810816
1424,_inevitable_,1274813292
DQ,prabhakaran0018,1274827481
DQ,manasa_sunkari15,1274807094
1489,seanshul21,1274815410
DQ,lcb2022009,1274838213
DQ,sanskar_30,1274836530
DQ,click0011,1274792100
1493,randhirgupta92,1274846104
1467,hkdass911999,1274799196
1499,drupapara,1274810345
DQ,Bob_Wolf,1274795490
DQ,Avanish_Singh123,1274832685
DQ,seeker_7,1274804489
DQ,kxiti19,1274809996
DQ,toxic014,1274805853
DQ,akashku,1274852874
DQ,deep_detroja,1274834752
DQ,sudh000,1274837679
DQ,ashishbenny8,1274830118
1547,DakshB,1274820843
DQ,TradingMrity,1274839627
1567,A_loser_kinght,1274833423
DQ,singhanshul2807,1274827011
DQ,maaswin03,1274809059
DQ,clinzer,1274817992
DQ,fgu3210,1274854953
1519,Siddartha_12d,1274818155
DQ,kpchoudhary2005,1274822774
DQ,Deepan_1907,1274834186
DQ,ompandey0704,1274840672
1568,its_private,1274836041
DQ,Roll_Num_44,1274808380
DQ,ssr01,1274822640
DQ,_Aryan_123_,1274835621
1438,apicoder,1274826239
DQ,Aman_429,1274822418
1597,Arpit_Khetan,1274811343
1598,himalpandey027,1274825524
1451,ikboljonme,1274849479
1522,abhi_84,1274817761
1590,salam_uddin,1274824497
DQ,Gaurav_Sharma70,1274848646
DQ,abhishek23csai,1274817706
DQ,user4729Jv,1274835124
1599,Aayush_1800,1274844803
DQ,marrichandu,1274830201
DQ,farzi_darji,1274746923
8656,AnujGupta89,1274779554
6713,yashkiran2004,1274791739
8246,itsabhishek01,1274777541
6798,bhalerao-2002,1274811927
8861,vishaltiwari75,1274815129
6832,Kryolix,1274787379
8680,gupta_1,1274809467
6786,ykings12,1274810887
8829,sandeep_680,1274812717
DQ,SprihaAnand,1274813945
6951,aparyan,1274823883
6893,visheshjindal368,1274814806
10116,himanshu2581405,1274787956
DQ,BLACKBIRD2003,1274818435
7567,jay_tanuj,1274828255
4874,Nikunj2002,1274790406
7299,devanshdalwadi2004,1274811300
11646,mahendra_singh,1274826697
8738,Rohan_Kumar_Jena,1274812292
11725,annaivaishnavi5,1274822914
9422,Exult,1274833078
10781,sahil_alwani,1274795092
6467,dash1935,1274805803
7389,Anujj31,1274796765
8992,Chauhan95,1274836100
8427,themastercoder39,1274817430
9218,Neel1802,1274818180
9245,_Nani_Prabhakar__,1274818693
10785,21R01A0552,1274838530
7892,PrakXPoseidon,1274829983
11735,aryanagarwal569,1274820598
7048,Supress257,1274821075
9446,inam1995,1274812546
9742,yashini_it,1274840848
9690,Sahanajr,1274822119
9668,thelastchance,1274794369
12217,Sanskar123_,1274811820
9772,speedan0123,1274824017
7233,Deepanshu_Singhaniya,1274824149
9852,Abhis_hek,1274842874
10386,khushal_kumar_rajak,1274833849
11284,deepaksingh_245,1274843269
9009,ShanChacko9629,1274843469
9813,santhosh_itc0980,1274844214
8792,Memorylimitexceeded,1274816369
9210,prashantRaghuvanshi,1274797660
10722,user2980xz,1274846203
8205,user3081FR,1274838273
11295,lathikav,1274847553
DQ,BlackBeard07,1274819501
8126,sauravsinha668,1274847968
8266,meshram_2003,1274820219
9577,nandhinin,1274848969
6452,kushagra-1429,1274831146
6660,user8715SQ,1274831446
8286,Orbeez,1274822209
9487,nikrocks,1274850217
9212,Smohite3,1274850357
7141,naman_agrawal3,1274850457
10919,h4_harsh,1274842285
6969,theHaL253,1274833584
9131,rachitsharma2803,1274825171
11831,vikas7754,1274825242
10891,tarunkumarbodipu,1274835185
DQ,user8279ZU,1274844417
10837,Ashlesha13,1274853699
9941,Mohammed_Tanveer_Owais,1274825942
7356,yashmenaria,1274844660
DQ,Kumar_2311,1274840669
7945,navonmesh01,1274854715
8824,uthaya_r,1274807836
9754,pallab001,1274807904
7117,utsav_25,1274818001
10310,dhruv_codes04,1274827913
6628,vikash0907,1274846698
7813,Divanshi_Jain,1274828222
7053,Coder_DogeshLala,1274809251
9534,ayushman0,1274848193
8219,raviranjan15aug2002,1274839383
10690,ankush-kumar,1274832160
8519,BihaniManan,1274823449
DQ,manas_pathak_1,1274823764
10281,Ritik264,1274823971
7764,bhavsar5264,1274833999
10222,hack_shreya,1274844018
10052,panjwaniharshit02,1274835361
12184,pragatirajput639,1274826011
7433,CornflakesCoder,1274826548
11166,sankarshan_65,1274826597
10855,divyanshu931,1274827254
11177,Bipin_,1274846150
9826,Tusharkumawat,1274846201
12128,syd_afrj_smr,1274801913
9259,Akshu0108,1274840706
7449,ashi2004gupta,1274850086
DQ,omkr121,1274813434
6547,shikharpandya007,1274841754
DQ,Rahul_Kumar_20,1274841853
6445,aman7482,1274843235
DQ,priyalrajpoot,1274844735
DQ,nr4522821,1274826545
12097,lakhanrathod,1274855469
7847,mayank_16,1274837422
11772,KaushleshChaurasiya,1274847748
8660,7s8v0a0a5k9i0b0h_a123,1274810727
DQ,dhyey_24,1274831896
DQ,uttamkr_roy,1274823227
7277,Navakanth95,1274851633
9102,aditichhikara123,1274842431
DQ,kraven16,1274839613
11052,Ana_prak,1274835021
9395,ishaansjpr,1274844253
DQ,yashasvi211358,1274835158
6998,ldhinakar,1274844467
5835,dipesh-saili,1274847604
DQ,Dipmay_,1274819843
8659,Prasad00100,1274848633
11724,vaiwal_20,1274830840
9755,leetoc,1274812762
6561,_shubham10,1274850395
DQ,funwid,1274821169
6720,Mickey321,1274841694
9330,Saranshg1804,1274805913
11656,The_Binary,1274844258
9747,yashk0311,1274845174
DQ,NanNi_S,1274845299
10510,Madhuuu14,1274836298
11998,sujitkic6802maurya,1274855242
DQ,robicodex18,1274855608
DQ,ankiiisharma,1274847072
11040,SensaCoder1801,1274850732
9789,prash_jk,1274841817
11352,mahek25,1274823127
10130,SubhrodipDeb,1274843288
DQ,manojtyagi2656,1274852866
DQ,Nitesh078,1274835779
10511,ano7189,1274854402
9397,furrious77,1274854509
6583,rohitmishra_0,1274855019
8307,Garvitt,1274848709
8640,ShantanuGaur,1274841982
12358,mousamkumari,1274842096
DQ,alokv0521,1274843108
8899,Gitesh_Goyal,1274852802
12035,nikhil_252004,1274853282
12349,priyamalik630,1274839070
10762,Amartya_Basu,1274841198
6085,anshumansinha1,1274849771
8045,vikram_vikky,1274851208
DQ,vemularahul20,1274837286
9819,Black_hatCoder,1274800214
12147,muthuhariharan2001,1274830248
7799,irwinekabakti,1274842214
7715,Saksham_chaudhary_2002,1274837863
9903,tusharyadav11,1274850835
6855,paridhichawhan,1274847246
DQ,spiritual_seeker,1274801789
DQ,hihepog930,1274818903
