DQ,mikasa3324343,1274716070
359,bdyby011121,1274765681
DQ,Rocky_7686,1274750920
454,nmjkiuo,1274771324
472,georgopol101,1274759800
659,prakharjain256,1274801409
DQ,tirtha6312,1274825886
762,bitwizz21,1274766043
783,TS_2002,1274773562
834,dushyantbhardwaj26,1274793507
DQ,virat_kohli182004,1274758616
DQ,priyanshukumaranandofficial,1274843863
938,anamika9693,1274841946
939,Bawa_547,1274851216
DQ,pankaj077,1274811833
DQ,rahuldangi,1274840842
DQ,k25dolly,1274778499
1088,ramkumar_9301,1274805076
1104,harshal_02,1274765677
1112,MoHiT_SoNi_,1274847776
DQ,biranjaykumargupta,1274853522
1190,poke_coder,1274842682
1198,ameynaik09,1274849029
DQ,Abhinav_iitb,1274843953
DQ,rohit_46,1274841157
DQ,khushali_nandani,1274846115
1290,ashish_madhup,1274795191
1301,camav46216,1274756452
DQ,ewtferwgfv,1274843046
1341,MOHITRAWAT061,1274854255
DQ,Abhion_abhi,1274845698
1351,ishusomani02,1274801226
1360,Deepanshu30,1274774954
1367,ks7157,1274845053
DQ,charankumarudayagiri,1274788680
1379,priya9693,1274842684
1383,harshkohar,1274854436
1387,LeviAckerman616,1274814644
DQ,EE7xpmlQun,1274841180
1394,sartirexd,1274843957
DQ,shivabalajipatel,1274847269
1402,imnc,1274849483
1403,meetOswal,1274842105
DQ,Y0VVsyM8dw,1274821358
1408,0007glitcher,1274852256
2951,Devanshu-Sharma,1274755767
3342,GuptaJi1704,1274785124
3523,Lost_dawn8289,1274769738
4129,DKPROCKS,1274800161
4131,HimanshuYadav1424,1274800209
4359,solo23,1274787505
4656,Abhiuday_raj28,1274817204
4831,tanmayrai,1274813283
5167,shrea231,1274777665
5177,Marlboro_Man_10,1274853353
5210,pkr87,1274854791
5230,invincible142002,1274810245
5349,dibendu07,1274850596
5359,eruditesurgery,1274803363
5499,netrapal,1274847430
5594,koushika12,1274824800
5653,mohit832,1274854687
5683,vitthalk_15,1274847302
5830,senr42284,1274847298
5872,rishitakaushik07,1274850612
5876,ananyamazing,1274850928
5896,Raja_chichulkar,1274852954
5916,usk2003,1274845350
5958,rithvik211,1274812559
5962,DivyanshuM,1274850275
5967,naninani,1274851027
5976,aayu_t,1274842772
5985,yashbaldev,1274853563
6043,rishavjha771,1274852774
6046,L4leetcode,1274853114
6058,Tushar_Parakh,1274843384
6093,nilestiwari_7,1274844532
6100,gateway_1916,1274845378
6131,omnaladkar1513,1274854901
