4,Mani2702,1397976529
5,kynen,1397977775
6,qinzhe,1397980636
25,ChiR24,1397979190
39,xikogo7718,1397962743
61,dk5f95,1397987485
63,Vikas_Kansotiya,1397997667
118,user8247dl,1397985120
119,rpsc57,1397995133
120,Mridul_1,1398004762
161,babbar2004,1398008935
174,akashpathak07062004,1398000211
184,Meenal_khatri,1398010255
207,rudy0Z,1397994736
280,LKAG,1397999429
298,E22CSEU0568,1398010385
304,Aaryanan_147,1398010548
375,pranavaggarwal1100,1397997109
432,DeshmukhDipak,1397997452
470,dineshsutihar0,1398029183
505,varnithgv,1397979042
559,ankit_adhikari,1398023940
601,lakshyavarshney20,1398019357
633,trananhduck,1398000207
734,sumitsaurabh112,1397985995
735,Dhruv_Codes,1398014690
742,hellobuddyjunior,1398033239
771,kkitty1744tw,1398006582
881,ashibatian,1398038674
971,qG1KpcU0nI,1398033076
1000,pushti_maheshwari,1398015557
1027,CodeRover,1397998015
1033,Ridam_Mittal,1398044099
1129,aviraljoshi,1398047829
1162,RNNu8zcBQJ,1397988461
1228,e22cseu1178_Om,1398005500
1236,panchada-vamsi,1398041968
1300,aakashsheoran,1398061459
1304,Shelby27,1398043995
1310,Nithyasarathim,1398017067
1439,9ul3EWrueH,1398039409
1453,mrityunjairathore11d,1398057459
1458,arnimsaxena4,1398003592
1468,JJX2,1398057896
1470,Acoder0001,1398031387
1479,Aditya_09x,1398025899
1502,BinaryBishup,1398012567
1545,Saumya811,1398060253
1673,passionshiv007,1398020056
1706,Rutul_117,1398020959
1755,JATIN-C0DE5,1398069786
1841,ali_1104,1398015676
1868,Prajakta_2604,1398069951
1870,vinoth_prinzz,1398078221
1884,user9976eY,1398048215
1888,geetanjali_rawat,1398078645
1969,VijayGupta09,1398051989
2121,ps2181,1398014904
2182,Alok301995,1398078125
2251,riteshsmalviya03,1398080095
2264,FYOTwL5JRO,1398038913
2350,wreqwtr3E,1398021326
2351,ameenhussainnitw,1398027895
2363,jatinsinghal4456,1398030773
2401,HT2AiqVviD,1398080078
2556,SiameseTheDog,1398045485
2575,yashgupta11122004,1398072236
2581,saumyatevatia20,1398007632
2630,user1584rz,1398056200
2651,shreyansh_0701,1398082593
2746,truncate1234,1398092716
2762,quangvdm00,1398093497
2787,theowei7,1398094395
2799,pavankumarpk008,1398076454
2812,suhanzhi,1398078906
2838,lllq,1398095664
2852,shreeram59,1398063546
2884,Sparticle,1398072660
2914,OAXxBVw05B,1398038186
2939,rahulrnew,1398097948
2947,Sarthak_24,1398085964
2956,S_SIDDHARTH,1398106030
2976,s1v4-d,1398106440
2981,Naman-Singla,1398079249
3022,o-omchauhan,1398067571
3024,PrasadgMahato,1398108022
3087,jinka_kumar,1398043447
3116,arvinddevda,1398110438
3157,Raj_Chaudhary,1398101028
3197,NitishSinghIITKGP,1397961199
3203,shivam_1807,1398081386
3237,eshaanraj25,1398065469
3283,Seajal2004,1398083481
3310,masternischay,1398107811
3400,Rishi-1201,1398049999
3431,lth_27,1398095747
3445,SisyphusCamus,1398096019
3528,nagendraJJ,1398120774
3566,SUNITHA_RAJ,1398107038
3708,jatinxnewar,1398103185
3759,praveenkumar2003kp,1398111392
3910,invalid24,1398087133
3967,laysljl0615,1398094270
3988,FirewallFox,1398090148
4025,Abhigyan1,1398091624
4195,architagrawal000,1398075012
4214,viggh18,1398025111
4242,AryaBandhu,1398097809
4309,bishalsaha2153,1398027733
4327,drabishekraj2003,1398095118
4409,warom,1397978662
4482,pihuprakash1,1398116657
4508,luciferutkarsh1,1397985418
4520,mangash_dilip,1398114705
4529,elkystikos,1398100181
4544,chandanmahato0898,1398086686
4566,e22cse203,1398111153
4589,sahil2k22,1398087517
4592,AJ4O3utRtu,1397992751
4600,rajputrajendra929,1398108353
4622,Arpit_ks_26,1398040172
4631,suryanahata,1397979770
4639,balla_musa,1398010135
4640,ghostedshaman,1398010440
4671,Pranjalg1310,1398032044
4708,ravishah8176,1398034130
4722,gauravraj347,1398024210
4748,jason_896,1398044956
4753,pesoguin1030,1398056132
4797,nikhilchame,1398065061
4837,mant1234,1398007493
4855,TheKunalBose,1398073488
4937,anshikag266,1398076274
5313,Henry_007,1398112348
5354,imG4lAsOvn,1398064466
6248,Whirlwind20,1398046497
6254,tum_ho,1398032010
6280,SamNickGammer,1398017514
