6,Madhu_Bala11,1296715956
DQ,ayush-jha93,1296807671
DQ,kunaaljain,1296808726
DQ,rajcoder21,1296809377
DQ,Aritra_C1,1296810202
239,coderman2004,1296811566
DQ,srirammarni99,1296811989
DQ,Mryash08,1296812305
249,Neha_Suresh,1296812911
DQ,Civilized,1296814993
DQ,KingKP246,1296815613
274,mixzncionud01997,1296816007
280,b_for_beluga,1296816650
283,Spandan1809,1296816856
DQ,harshit1911,1296816941
295,ANJANI_VENGALA,1296818084
305,utkarsh0223,1296818715
309,srishtii27,1296819031
312,Ujjwal84099,1296811628
314,ishrita08,1296819382
DQ,vermapiyush823,1296820669
329,Konsept,1296820677
345,aryantripathi05,1296814296
346,manjit-code,1296821893
348,avikalp71,1296821966
350,sauhard_01,1296822044
352,anshukawlecha,1296814672
362,FLOURISHINGDOLPHIN,1296814942
369,adeeb125,1296815236
373,Aviralshukla26,1296822936
385,Snehee12,1296815723
386,Divanshi_Jain,1296823279
DQ,Gana442,1296823333
387,VAO2,1296815832
396,Sudhanshuu418,1296816233
407,bot-rahul-demon,1296816647
414,Tejpa,1296815611
429,IEaLQjnrGw,1296809781
430,rishabhofficial31,1296809840
433,sam_1b,1296817817
436,karnwalaks,1296825422
442,kartikeya_04,1296810401
447,tiwarisamrat,1296825721
453,Aditya_1238,1296825915
469,faiz_Ad_100,1296826461
470,Awes19,1296826488
473,kalpanahepzi_2k2,1296826512
480,coderworld76,1296819260
485,Shubham267,1296827214
DQ,dineshsutihar,1296820134
500,abhinav0603,1296820461
DQ,vishaltiwari35,1296820486
DQ,abhishekjoy,1296828459
519,vikrxnt,1296828571
522,kedardeshmukh2003,1296821309
527,MjsWXAUf5t,1296828929
DQ,skjdncwiue,1296821970
DQ,Ganta_Kailash,1296829592
DQ,nickgvhmjbj,1296814570
DQ,gargy8951,1296815039
DQ,princeyadav3100,1296815298
DQ,Aryan2311,1296830705
DQ,Anandhu_87,1296830773
DQ,Ramkrishnaguin,1296821038
DQ,Bhavyabansal1,1296830992
DQ,Ayush_Pawar01,1296823576
DQ,codeLearner012,1296823829
DQ,klu2100080148,1296816530
DQ,LuvSachdeva26,1296831501
565,SUSAJJIT_SINGH,1296824104
DQ,tanmaysain02,1296825168
DQ,9Orpt2wqC8,1296818698
DQ,bonagiridilipkumar970,1296826279
DQ,ankushtiwari,1296819305
DQ,akshara03,1296819489
DQ,Noob_koda,1296819545
DQ,No_infiel_18,1296827314
DQ,seeavishk,1296819859
DQ,cyborg12345,1296820241
DQ,_Rjt,1296835876
DQ,BOLTACTIONBILLIONAIRE,1296797714
DQ,thakurvineet2121,1296829034
DQ,Aslaan__Khan,1296836794
DQ,sri_hari_24,1296836819
DQ,ansarisahil2321,1296822714
DQ,Nutan_1202,1296815305
DQ,visdwivisdwi,1296837877
DQ,leetcodemarch30,1296823752
DQ,Harshal_2305,1296838711
DQ,om_code,1296838906
DQ,iz_manik,1296839428
DQ,abhishekM_2003,1296832493
DQ,__HG,1296839564
DQ,swarupchanda1963,1296817680
DQ,Chaitanya_Rawat,1296839808
DQ,mayank990,1296825723
DQ,VedantKohad47,1296840303
DQ,shivani_262004,1296833388
DQ,mukeshguduru444,1296833937
DQ,santanusingha1424,1296840960
DQ,adityakdas06,1296841011
DQ,like_Rounak,1296826719
DQ,rajkumar_basava,1296819496
DQ,kunal_b121,1296827290
DQ,pranshulakhotia,1296834728
744,kritikmodi,1296835097
DQ,IronyMan05,1296842643
DQ,asitshakya789,1296813438
DQ,akasmaity,1296827085
DQ,buzztanishq,1296842996
DQ,tilakvelaga,1296836559
773,dry4,1296843643
DQ,nimmagadda_kavya_sri,1296843810
DQ,byte001,1296843883
DQ,Rajeshwar266,1296837801
DQ,Ankit_180,1296837824
DQ,Kashyap2626,1296823724
DQ,Jainharshit09,1296838615
812,decoder2025,1296838755
DQ,ShahbazAlam07,1296845738
DQ,assudanirr,1296832034
DQ,Subhadeep_roy11032001,1296845932
DQ,deepu_kathuria,1296839361
DQ,priyansh-garg,1296846560
846,ravi_prakash29,1296847229
DQ,Rishabh_rthr001,1296841143
DQ,BinaryBrain404,1296826975
DQ,adithya16,1296812735
DQ,beula_2k,1296848458
DQ,2100032455,1296827571
867,TEMP1234567890,1296820132
DQ,smoothengineer,1296834435
884,Kanishk__gaur,1296835765
898,Tani2611,1296849982
DQ,viron123,1296827130
DQ,VRevanthReddy,1296850300
DQ,gauravjaiswal237,1296814926
DQ,gullubarnwal,1296838296
DQ,at2GHPjysc,1296851769
DQ,believer_alam,1296845522
DQ,Manya_Rai,1296817233
DQ,heisenbergLab,1296846152
DQ,Pavan_Soni,1296852902
DQ,Prabuddh__Pathak,1296853091
DQ,mimohpalsingh,1296847551
DQ,sahil1677,1296835487
DQ,abhinavnayak21,1296855432
DQ,ankushtyagi,1296855464
DQ,tanixhq_ydv,1296842513
DQ,neha_singh1318,1296821114
DQ,Siva_Balan,1296813518
DQ,Viper__66,1296856161
DQ,Apoorvsingh_02,1296856314
DQ,wit-ayush,1296843790
DQ,rte_eliminator,1296850848
DQ,Sourabhsahu07,1296857429
DQ,SAURAV-YADAV1,1296857470
DQ,sabka_baap_mai,1296846933
DQ,puneetbhardwaj1574,1296851696
DQ,Yash_Gautam100,1296834763
DQ,priysri,1296832602
DQ,manikraj1122,1296852747
DQ,HARSH2OO3,1296832836
DQ,Ritik_Sapate13,1296853227
DQ,codinglegond1980,1296785381
DQ,tanya_010802,1296840805
DQ,ashutoshcp,1296850654
DQ,zaphieyr,1296838637
DQ,hace4x,1296856722
DQ,jenineeuq,1296856838
DQ,Ramesh807,1296856986
DQ,cCpqzZo2zl,1296851260
DQ,Cherukuri-PrasannaLakshmi,1296842106
DQ,ck_007,1296853165
DQ,vikram_7,1296840247
DQ,AdwaitDeshmukh,1296834601
DQ,leetcode-vj,1296858636
DQ,gokul_33,1296853677
DQ,nandini2209,1296853934
DQ,munu8998rai,1296841662
DQ,lcb2021052iiitl,1296826448
DQ,PIYUSH-MISHRA-00,1296850007
DQ,Manoj_Kumar_Sen,1296856462
DQ,LAK3zxhZuf,1296836390
DQ,Mahesh_ydv,1296821977
DQ,achyugeorge7744,1296818050
DQ,paridhichawhan,1296809336
DQ,antrixsh,1296821266
DQ,Arpit998,1296814624
DQ,quantumcoder_07,1296816296
DQ,ash019007,1296818248
DQ,venkatasubash1,1296821432
DQ,adarsh6467,1296823601
1185,arjunaj8699,1296847915
DQ,DEVARAJ868,1296821658
DQ,karthikeya23,1296820418
DQ,__aayush_01,1296845358
1189,thanush19112003,1296856372
DQ,i-atharv,1296850935
DQ,myselfsoumajit22,1296838089
DQ,felixpradish1,1296856683
