1,nithin_36,1289573021
140,Peter-coding,1289593939
500,prateek24112001,1289636011
1087,Gurdeep1009,1289672199
1240,aroratanmay1403,1289683201
1277,onedirection12,1289673550
1349,nibedanpal,1289728366
1378,Pravesh_Trivedi,1289706154
1385,Charu06,1289715227
1389,Adbhutkr,1289720794
1722,SUGANYA_SENTHIL_KUMAR,1289705997
1736,rajeshkumarsheela,1289727971
1748,hemanth00405,1289686870
1751,kumaripayal7488,1289702917
2100,anamika624,1289615112
2444,ManthaRaghava,1289654408
2906,callmebynamesid,1289648133
2938,prakher78,1289676283
3052,nikitasoni02,1289633783
3114,Ritik_Sapate13,1289672747
3278,abhi_5,1289660102
3428,bikashsah,1289682284
3447,arunchau986,1289674352
3519,dineshsutihar,1289684435
3679,naman_agrawal3,1289696403
3826,_shashank_reddy,1289692428
3889,pratosh,1289685607
3956,Harshit-code-tech,1289678910
4198,22r01a0517,1289709227
4255,dushyantrajput077,1289702408
4300,DHRUV0110,1289703805
4347,archonbumper,1289697193
4349,Ramesh807,1289663474
4362,hemalalitha_m,1289713263
4527,vardhanreddy53,1289709650
4565,anilkumaranusree113,1289718177
4572,himanshu2005,1289710487
4603,pradeepkrgupta_39,1289719130
4614,21R01A05H6,1289719485
4623,Novadot,1289704286
4732,jhalsa_88,1289714746
4749,ankurofficial264,1289707350
4789,parthsin10,1289716005
4823,Aditya_Pateriya,1289724656
4829,libberajkeerthy,1289724823
4836,freebie,1289693721
4887,priyansh-garg,1289726735
4918,rljangid825,1289711963
4936,_Abhishek_Abhi,1289712470
4947,Nithya__1728,1289728431
4970,mamon_,1289729024
4994,p-h-o-e-n-i-x,1289698467
5011,Selva_07,1289697002
5042,damonsahil26,1289715881
5046,ArnabKundu123,1289715741
5061,tanzirou,1289692346
5081,ameya__d2,1289731732
5097,SB2318,1289730653
5134,sabyasachi9733,1289725622
5180,Neeraj27,1289711074
5227,sajaljaiswal5,1289720059
5231,Dazzling_elgar,1289720110
5234,vanshtyagi90,1289720185
5241,codemaker2015,1289728066
5371,Ayu7054,1289732608
5374,Ohh_yeaaashhh,1289724625
5454,prnvtj,1289727343
5482,dhanush_reddy03,1289697321
5490,Spandana_05,1289713330
5549,venu0029,1289714999
5568,SageModeUtkarsh,1289731293
5592,kb-0311,1289716616
5643,ZephyralisWizard,1289695628
5647,Lalit_1212,1289695818
5680,09ronak_Matolia,1289720929
5688,Dhruv9193,1289713996
5712,Addyamishra,1289731487
5717,krishnan472003,1289700652
5725,agxmbxdi,1289716625
5771,Vicky_5629,1289727304
5785,awasthi_shashwat,1289728382
5811,dk5f95,1289715506
5889,avinash_singh_13,1289729111
5893,Avanish1,1289729668
5894,algo_man,1289729676
5899,Shivam_M1602,1289714741
5905,Shubham_Garde,1289723127
5927,work4longia,1289717332
5968,Jhabar,1289732771
5969,victory_2001,1289733218
5978,nolangogogo,1289672510
6004,Ash4059,1289715808
6027,jchen335,1289732768
6051,escanor12,1289729949
