713,LakshmiRam190404,1289680484
766,Klu_2100031404,1289710609
DQ,sanchit_1694,1289708476
DQ,Gautam_00,1289676649
DQ,Harman_deep_singh,1289652087
1075,Edens_Exile,1289673597
1203,warrior_raj_09,1289627356
1322,sumit1906,1289688503
DQ,klu_2200030106,1289680318
1401,Divanshi_Jain,1289653250
DQ,letecode18,1289726811
DQ,ManoranjanParida,1289658959
1531,ShahMohammedSeaman,1289652994
DQ,sanchit2004,1289708758
DQ,komalgupta8,1289653027
2402,Gurudev18,1289663125
2406,VaishnaviLagishetty,1289654139
2513,puneetbhardwaj1574,1289668426
DQ,abhishek_jbhaarat,1289671169
DQ,dharmadurair,1289671521
DQ,sodhiharr,1289656589
DQ,Srikanth_16,1289674682
2675,Akshara_Reddy03,1289674788
DQ,user7086HH,1289676054
DQ,dhimanvivek777,1289674401
DQ,vishalavinashshinde,1289676579
2742,sakshi2007,1289659535
DQ,parth_274,1289653183
2863,VRevanthReddy,1289672026
2872,maayannk_,1289672277
2911,karthikeya_22,1289673388
2914,Priyanshu_Varshney7,1289682071
2924,ASHISHNEWAR,1289664993
2937,lucky2002,1289682864
DQ,kaarunyaharikrishnan,1289683409
DQ,Rajat3254,1289684727
DQ,sruthixs,1289685219
DQ,Jaiharan_S,1289651199
DQ,Jayesh_Wani,1289678132
3059,rohitdwivedi7905,1289687053
3065,suganth_a,1289670108
DQ,user8715SQ,1289670368
3078,Dheerajkumar9631r,1289687561
3096,rajmanas,1289679596
DQ,niteshjha01,1289680166
3113,Nitz44,1289680262
3176,vraman_,1289655948
3301,2210030234,1289676788
DQ,Ankitdwivedi546,1289678890
3457,mrpurvesh,1289663875
3501,kanishkpatel1,1289698972
3539,jonahprashanth,1289675221
3540,sahil_22_,1289700114
3563,adeshkumardubey889,1289675870
3585,ravi_prakash29,1289684956
3597,sahilhsgupta,1289701459
DQ,himanshuyadav45,1289668418
3634,RACHIT37,1289702557
3650,D86UEgFbS6,1289695040
3667,Shivam_Gupta5703,1289703393
3696,tanixhq_ydv,1289696126
DQ,kushagra-1429,1289688751
DQ,aryanrohmetra,1289689761
3752,IronyMan05,1289697821
3757,4ALL,1289697916
DQ,ishpurwar121,1289698218
3787,prashantpathak01,1289665367
3796,HolyCodeXD,1289682824
3798,Sharaneshwar,1289656440
3868,KaranBoi,1289684423
3870,arinpaliwal,1289684539
3998,unluckyNoob,1289687686
4002,candyshirin,1289695863
4009,satyam0774,1289688034
4041,teenaupadhyay,1289705101
4059,LemonjuiceSn31,1289694551
4106,anuj_0513,1289691098
4116,LavishaKapoor,1289691481
4130,2100031549,1289715426
4131,Dev_sharma23,1289699810
4136,Rajeshwar266,1289707707
4138,HighJUMP,1289683590
4167,mizan44,1289700718
DQ,AyushKumar_Singh,1289717439
DQ,nishanth_270,1289702412
4241,singhsarthak1004,1289710264
DQ,rishiraj172,1289669827
4264,nitish-krSingh,1289705156
4313,Divyanshuagarwal23,1289704508
4316,om_code,1289720107
4377,Lesly_Sujith,1289721666
4436,YadavRKG45,1289715398
4438,Binit_kumar_jha,1289699861
4460,royalrohit9699,1289708351
4467,22Stuti,1289700602
4481,Naveen-NaS,1289692969
DQ,aayishajalal,1289724808
4581,shaileshk11,1289704223
4584,kedardeshmukh2003,1289696282
4627,sunnykushwaha18,1289689813
4633,Srik_aludev,1289729161
4648,aditya1117,1289690504
4654,Preditor,1289721860
DQ,palakdhakrey2004,1289682283
4722,ravindranv388,1289684291
4741,rishiii09,1289716644
4746,ShahbazAlam07,1289709002
4802,lucifer_locas,1289702730
4814,lavlesh_pandey,1289710794
DQ,Dhanush_7,1289703061
DQ,sahilsk1010,1289711372
DQ,NobilGautam,1289720616
4945,Harshkumarsahu7,1289706803
4970,Kenpachi94,1289730983
5015,AdityaGore,1289709146
DQ,HarishMurali,1289726447
5063,Sundaram_Agnihotri,1289726566
5066,prince_tiwari_15,1289703258
5098,dry4,1289696416
5112,Rishabh_Sharma919319,1289720389
5140,rajsinghh29,1289729214
5192,shinom_03,1289699716
5295,priyanshu9241,1289676737
5301,Anisha_Kashyap,1289728098
DQ,ronitjainrj,1289730235
5351,madhavmgupta,1289732204
5394,vineet_8905,1289727236
5426,Komal__12,1289722135
5441,user5279UC,1289731131
5485,Vishal__18,1289711516
5558,hinataShoyo23,1289711684
DQ,siddhesh11p,1289669622
5662,Anshuman-3000,1289727528
DQ,samuvelj,1289683851
DQ,n_priyadharshini,1289683903
5682,KARAN_SHISHODIA,1289674721
