DQ,nithin_36,1289573021
DQ,Peter-coding,1289593939
469,prateek24112001,1289636011
1004,Gurdeep1009,1289672199
1136,aroratanmay1403,1289683201
DQ,onedirection12,1289673550
1235,nibedanpal,1289728366
1259,Pravesh_Trivedi,1289706154
1265,Charu06,1289715227
DQ,Adbhutkr,1289720794
1547,SUGANYA_SENTHIL_KUMAR,1289705997
1558,rajeshkumarsheela,1289727971
1566,hemanth00405,1289686870
1568,kumaripayal7488,1289702917
1904,anamika624,1289615112
2242,ManthaRaghava,1289654408
2683,callmebynamesid,1289648133
2713,prakher78,1289676283
2822,nikitasoni02,1289633783
2882,Ritik_Sapate13,1289672747
3033,abhi_5,1289660102
3173,bikashsah,1289682284
3191,arunchau986,1289674352
3261,dineshsutihar,1289684435
3413,naman_agrawal3,1289696403
3549,_shashank_reddy,1289692428
3608,pratosh,1289685607
3670,Harshit-code-tech,1289678910
3900,22r01a0517,1289709227
3956,dushyantrajput077,1289702408
4000,DHRUV0110,1289703805
4044,archonbumper,1289697193
4046,Ramesh807,1289663474
4058,hemalalitha_m,1289713263
4214,vardhanreddy53,1289709650
DQ,anilkumaranusree113,1289718177
4252,himanshu2005,1289710487
4280,pradeepkrgupta_39,1289719130
4291,21R01A05H6,1289719485
4300,Novadot,1289704286
4402,jhalsa_88,1289714746
4419,ankurofficial264,1289707350
4458,parthsin10,1289716005
4491,Aditya_Pateriya,1289724656
4496,libberajkeerthy,1289724823
4502,freebie,1289693721
4552,priyansh-garg,1289726735
4582,rljangid825,1289711963
4599,_Abhishek_Abhi,1289712470
4609,Nithya__1728,1289728431
DQ,mamon_,1289729024
4653,p-h-o-e-n-i-x,1289698467
4667,Selva_07,1289697002
4697,damonsahil26,1289715881
DQ,ArnabKundu123,1289715741
4715,tanzirou,1289692346
4735,ameya__d2,1289731732
DQ,SB2318,1289730653
4785,sabyasachi9733,1289725622
4828,Neeraj27,1289711074
4872,sajaljaiswal5,1289720059
4876,Dazzling_elgar,1289720110
4879,vanshtyagi90,1289720185
4886,codemaker2015,1289728066
DQ,Ayu7054,1289732608
5013,Ohh_yeaaashhh,1289724625
5089,prnvtj,1289727343
5117,dhanush_reddy03,1289697321
5125,Spandana_05,1289713330
5183,venu0029,1289714999
5202,SageModeUtkarsh,1289731293
5226,kb-0311,1289716616
5275,ZephyralisWizard,1289695628
5279,Lalit_1212,1289695818
5310,09ronak_Matolia,1289720929
5317,Dhruv9193,1289713996
5340,Addyamishra,1289731487
5345,krishnan472003,1289700652
5353,agxmbxdi,1289716625
5397,Vicky_5629,1289727304
5411,awasthi_shashwat,1289728382
5437,dk5f95,1289715506
DQ,avinash_singh_13,1289729111
5516,Avanish1,1289729668
5517,algo_man,1289729676
5521,Shivam_M1602,1289714741
5527,Shubham_Garde,1289723127
5548,work4longia,1289717332
5587,Jhabar,1289732771
5588,victory_2001,1289733218
5597,nolangogogo,1289672510
5621,Ash4059,1289715808
5642,jchen335,1289732768
5663,escanor12,1289729949
