573,Remoraj,1289690359
574,ponnershankar,1289690572
577,srinithi0104,1289690940
580,shreyasathishkumar,1289691062
582,Mani_vigu_05,1289691108
652,user1912TD,1289697136
659,user8419tP,1289697907
671,sasikuamr,1289698687
681,user4257Rn,1289699552
689,user0108xD,1289692101
708,RASHWIN_R,1289701387
715,imryrDSyxD,1289701893
776,Padmesh_22,1289698416
780,prithika_muthukumar,1289706563
787,user7216Xq,1289699632
799,Pravin_j21,1289708102
839,Sreeshma_Gopinath,1289704132
866,user7695Fb,1289682022
892,VarshiniMahalingam04,1289715796
896,prajankrish,1289715967
905,saraapoustina,1289701315
1012,shruthi__ragav_____,1289723897
1013,Sachin__22083,1289723977
1037,iRmF3kR54N,1289725637
1085,sathyaselvaraj,1289712722
1089,t3YhU8B11r,1289705387
1166,rithu0610,1289724768
1180,rohith092427,1289710141
1325,sureking1332004,1289687659
1368,pK4znU2cr6,1289714180
1482,SabarishVishal,1289708834
1568,Saksham_chaudhary_2002,1289725038
1591,sanjaiRavikumar,1289690185
1694,Sridhar52,1289689569
1750,vKXfTZBaqP,1289718059
1753,Ragul2607,1289719761
1792,steffania,1289610487
1812,Vishwadharan_R,1289654328
