DQ,2210089078,1261784096
DQ,sanjaycsbs2005,1261824497
DQ,2210080019,1261789913
DQ,SaistikaJK,1261820169
495,ayush241219,1261813307
DQ,K_Sabarish,1261825816
DQ,2210040024,1261787700
DQ,tanishsaraf0709,1261803019
DQ,GURUVIJAYACIT,1261811118
DQ,shivamece2k19,1261802375
DQ,ayush_s_86,1261789316
DQ,Silverpoision,1261805380
DQ,AjainRock4,1261814962
DQ,Ta-runBairagi,1261801757
DQ,alphacoder033,1261814430
666,mafailure_1,1261793978
DQ,TheAriyanBhaumik,1261803338
DQ,rajkaustuk,1261802795
DQ,keerthana_k_k,1261793270
DQ,sat_yad,1261796892
DQ,niteb64653,1261776176
DQ,shyam_2002,1261837415
DQ,Mahalakshmi_SA,1261827798
DQ,theyashwairagade,1261834857
DQ,zzzzz110101,1261804784
DQ,dharshancs,1261821916
DQ,UJJWAL2000,1261824616
DQ,AdityaSingh05,1261805185
DQ,sreevidyapatamsetti,1261823834
DQ,vishnuvel_26,1261767678
DQ,ganpatinath07,1261793902
DQ,devisrivinay,1261762364
DQ,_Ritiik,1261817612
DQ,Aristocrat26,1261831596
DQ,user0020L,1261814175
DQ,harsh-sharma036,1261835136
DQ,ayushkesh,1261789281
DQ,saikiran988,1261787277
DQ,564-_-ashu,1261799693
DQ,sandeepcyber,1261846276
DQ,maheshwarramisetty9,1261788065
822,nandisouranil,1261828920
DQ,_Akshaya04_,1261801974
824,gauravaggarwal147258,1261849435
DQ,Ashutosh_V,1261757824
DQ,Prashant_2020,1261795828
DQ,Ankit7rma,1261787070
DQ,itshivam,1261750826
DQ,harsh_agarwal_30,1261814958
DQ,tanuj_5,1261774761
DQ,Nikhil0399,1261797185
DQ,sachinK_2132,1261811911
862,ken314526,1261754917
864,sree24_10,1261759888
DQ,aadiitya,1261781273
DQ,kanikachouhan57822,1261811788
DQ,mr-mayday,1261807306
DQ,Katerina_Petrova_23_09_2001,1261804528
900,prabhuprasadsahoo1,1261758932
902,tamajit_ghosh,1261816039
DQ,srujanbhargav,1261800281
941,nniiiicccssssppppyyy,1261787221
DQ,Yashubhasin15,1261853996
DQ,prajjwalmathur,1261841283
949,DIPBALDHA8333,1261799909
DQ,gaganjnv2001,1261794831
DQ,2210040032,1261809116
DQ,Sangeetha64,1261803201
DQ,amardeepsinha1234,1261824551
DQ,archanak05,1261791533
DQ,21b01a0526,1261813877
DQ,adarshkumarshah,1261857384
DQ,Akash-k-maurya,1261845602
DQ,MemeCat,1261804777
DQ,anuraaagz_,1261829330
998,Ojaswa2706,1261805805
DQ,Rj_jhaji,1261824341
1021,sriram22122,1261861506
1034,TerminatorSS24,1261787741
1046,saiganeshchintalapalli7,1261810204
1047,iam47,1261778104
1050,AY-10,1261746927
1051,lakshyab2002,1261782906
1054,Dixit_101010,1261815691
1059,sanjaysinghrawatk,1261806377
1063,kushagra-gupta01,1261825076
1071,mvsk_leetcode,1261856474
1079,Omkar_Auti__2001,1261795587
1083,AyanOrNot,1261818012
1089,UShhpro07,1261857167
1090,sushant1274,1261820267
1098,Akshay_stark,1261812096
1099,amitsahuk852,1261800286
1110,user4258Pk,1261782221
1114,MohoGup,1261829770
1119,Om_Anand,1261835582
1128,iampkumar,1261834874
DQ,Abhi190902,1261825095
1136,ankitraj131,1261836787
1139,JJstar_dio,1261783487
1145,DionysusByte,1261803274
1159,Rash023,1261805842
1161,lcsdf_404,1261824587
1162,prabhasg03,1261792638
1166,ShreyasRaut,1261821911
1167,udit0510,1261790582
1169,vimal_01,1261814938
1181,Lucky_2001,1261758926
1188,derack180,1261818677
1199,balajiashwin,1261813479
1202,mrigankodhar0001,1261842864
1205,flawed_hooman,1261832772
1212,Bhanwar_lal,1261788672
1213,Ravi_21,1261833629
1215,codingDitto,1261782874
1217,Kowsick_07,1261870216
1220,Akhilesh_Pokale,1261836149
1227,arkajyoti2708,1261810082
DQ,sahil3014,1261820991
1251,ishita_agarwal_139,1261839796
1252,satputerohit00,1261789366
1253,youknowho,1261787286
1263,ranikumari620,1261813148
1272,Ag_Parth1,1261808304
1273,yash_leetcode,1261834282
1274,fawaz_the_coder,1261866574
1276,ayush_g12,1261824830
1277,Roshini_3031,1261873911
1282,Joshiiii,1261773154
1284,ROHITH_JV_21,1261851720
1301,ShivamV952,1261839257
1312,Hashcode-Ankit,1261836103
1322,ag02012003,1261827088
1324,ritikrao7,1261816421
1332,anchalsaroj12345,1261864161
1337,rohit_gurram_145,1261787348
1363,coderloni_71,1261826873
1364,utkarsh2103pawar,1261841421
1370,g90UbMztQ3,1261812546
1389,Somnath-Roy-JU25,1261778258
1390,Code_ration,1261799311
1391,asfdsgdgs,1261870836
1400,Shaheen04,1261826162
1401,kapoor_aryan,1261813364
1405,kprabhav1323,1261786249
1410,RajanSingh08,1261796804
1415,21r01a04r9,1261848930
1434,Garvit_singhal,1261744568
1435,gunashekar_07,1261848185
1438,user0506jP,1261824993
1446,hasna_shaik05,1261817217
1457,xlr872,1261747950
1468,Atul_Raj,1261818331
1475,rajan-2003,1261876303
1477,Shyamji07,1261815397
1482,abhisek7264,1261851297
1497,Param_5750,1261852952
1506,Rohit_Kumar_Yadav,1261843747
1535,Sweta_Nitrr,1261806329
1544,shrey_30,1261830570
1547,harshvardhansb,1261817518
1552,Priyanshi31487cs,1261858862
1555,Prathamesh_Gawas,1261874544
1571,Madhav1208,1261808624
1573,TheCodeRunner,1261866300
1578,Vivek_765,1261810963
1588,ni_shant,1261814689
1603,itscodefupanda_,1261768631
1607,anushdubey01,1261748535
1617,jhaeeshani,1261838044
1620,amanjoshi_11,1261876708
1642,himanshumahajan138,1261814022
1661,kushsengar,1261807081
1662,NikhilDew,1261842292
1670,arpitgupta4521,1261863379
1676,PARTH_KP,1261819522
DQ,S_k_b_17,1261786340
1686,suckmabol,1261875825
1690,NaveenSoni,1261780039
1694,ss944861,1261828441
1695,shivang_356,1261874477
1709,nayasha434,1261854539
1711,nayar_aryan_47,1261875768
1719,Rigmarole,1261782714
1722,revanthpasupuleti18,1261853151
1729,spidey_134,1261875644
1745,rash0507,1261878177
1750,Jeffrin2005,1261822973
1779,_codinggirl_9122,1261875019
1781,SHIVARAMALINGAMV,1261842113
1788,2210080024,1261803116
1789,21bce129,1261797212
DQ,Sunscarsony,1261833413
1794,VIGNESH_K_B,1261882967
1801,anurags10203,1261769180
1810,Hariharan1828,1261816063
1812,kashyapsatwik29,1261839961
1818,arjyo851,1261827229
1820,durgesh_mandge,1261798757
1828,visinigiri-aditya,1261793234
1844,user8905yv,1261859934
1867,SOOS2908,1261849181
1876,srinadh_narne,1261857731
1887,arghyapal123,1261874193
1900,Bhushan8478,1261869726
1902,ankityadav13116,1261843842
1903,sharma036harsh,1261834582
1919,rishabhchaubey,1261800736
1921,CoderTLE,1261814331
1926,ravindrayadav78795,1261806255
1931,Roopa_28,1261872075
1936,rishabhpayal,1261810231
1944,okaditya84,1261802569
1958,thotabhargav111,1261870271
1959,hni077986,1261784298
1964,Agastya3636,1261874340
1968,indujan1024,1261866372
1969,Arshad_18,1261866443
1974,naresh78,1261808146
1975,ads4k,1261790078
1976,Deepanshu30,1261754381
1983,Janetshiny,1261830090
1994,resham_hansdah,1261789558
1998,DHANESHJOSHI,1261750170
2000,contactujval,1261865200
2007,SKishor12,1261844139
2011,LOKI_29,1261824761
2013,coderupesh725064,1261818269
2025,manutyagi17,1261872869
2029,abhiji04,
2033,kiran_24,
2035,kalyanburri874,
2038,BitWeird06,
2039,12112007,
2040,Prathmeshjain_,
2041,2210040021,
2043,karandeoli444,
2045,bikashpdyadav11,
2049,sree_369,
2051,anti_quark,
2053,2210040103,
2059,rajat1710r,
2065,avinashyennam01,
2066,ayush2420,
2068,Rutik_Jalhare358-,
2071,smarakpatra2711,
2073,anandsagarim,
2075,anwesharaniG,
2076,007_sagar_kumar,
2077,vigneshwar44,
2080,alpha404,
2083,noob_56,
2084,Abk999,
2087,thatditsyboy13,
2088,uday0506,
