461,2210089078,1261827822
475,sanjaycsbs2005,1261829230
490,2210080019,1261830436
495,SaistikaJK,1261830717
500,ayush241219,1261831065
506,K_Sabarish,1261831556
521,2210040024,1261833117
522,tanishsaraf0709,1261833133
545,GURUVIJAYACIT,1261834694
587,shivamece2k19,1261837956
602,ayush_s_86,1261838932
606,Silverpoision,1261830859
632,AjainRock4,1261841291
660,Ta-runBairagi,1261835598
675,alphacoder033,1261844123
681,mafailure_1,1261844532
684,TheAriyanBhaumik,1261844744
691,rajkaustuk,1261845327
694,keerthana_k_k,1261845599
701,sat_yad,1261846029
710,niteb64653,1261838515
719,shyam_2002,1261847169
728,Mahalakshmi_SA,1261831302
742,theyashwairagade,1261848084
748,zzzzz110101,1261848561
755,dharshancs,1261848846
759,UJJWAL2000,1261849157
760,AdityaSingh05,1261849201
761,sreevidyapatamsetti,1261841433
790,vishnuvel_26,1261850706
793,ganpatinath07,1261835006
798,devisrivinay,1261851027
801,_Ritiik,1261843387
810,Aristocrat26,1261851586
830,user0020L,1261844733
833,harsh-sharma036,1261852722
842,ayushkesh,1261845364
848,saikiran988,1261853196
852,564-_-ashu,1261845811
858,sandeepcyber,1261849779
867,maheshwarramisetty9,1261838744
874,nandisouranil,1261854772
875,_Akshaya04_,1261854785
877,gauravaggarwal147258,1261854923
882,Ashutosh_V,1261839928
883,Prashant_2020,1261847960
885,Ankit7rma,1261831856
888,itshivam,1261840206
890,harsh_agarwal_30,1261855840
911,tanuj_5,1261849386
915,Nikhil0399,1261841624
923,sachinK_2132,1261849864
929,ken314526,1261842153
931,sree24_10,1261850044
932,aadiitya,1261857693
961,kanikachouhan57822,1261835607
969,mr-mayday,1261844113
971,Katerina_Petrova_23_09_2001,1261859422
977,prabhuprasadsahoo1,1261859615
979,tamajit_ghosh,1261852226
980,srujanbhargav,1261844593
1020,nniiiicccssssppppyyy,1261853903
1023,Yashubhasin15,1261846488
1025,prajjwalmathur,1261854092
1030,DIPBALDHA8333,1261854160
1031,gaganjnv2001,1261846635
1033,2210040032,1261846639
1034,Sangeetha64,1261861640
1044,amardeepsinha1234,1261847317
1054,archanak05,1261862657
1056,21b01a0526,1261839833
1075,adarshkumarshah,1261863467
1076,Akash-k-maurya,1261863519
1080,MemeCat,1261840890
1090,anuraaagz_,1261856872
1091,Ojaswa2706,1261841410
1111,Rj_jhaji,1261865093
1115,sriram22122,1261865184
1128,TerminatorSS24,1261843315
1140,saiganeshchintalapalli7,1261843942
1141,iam47,1261851743
1144,AY-10,1261836074
1145,lakshyab2002,1261851841
1148,Dixit_101010,1261844141
1153,sanjaysinghrawatk,1261851989
1157,kushagra-gupta01,1261844472
1165,mvsk_leetcode,1261867108
1173,Omkar_Auti__2001,1261837262
1177,AyanOrNot,1261845381
1183,UShhpro07,1261867894
1184,sushant1274,1261867914
1192,Akshay_stark,1261845921
1193,amitsahuk852,1261853615
1204,user4258Pk,1261829951
1208,MohoGup,1261854089
1213,Om_Anand,1261861612
1222,iampkumar,1261869159
1225,Abhi190902,1261839355
1230,ankitraj131,1261855158
1233,JJstar_dio,1261847663
1239,DionysusByte,1261848118
1253,Rash023,1261856573
1255,lcsdf_404,1261849012
1256,prabhasg03,1261849076
1260,ShreyasRaut,1261864172
1261,udit0510,1261841513
1263,vimal_01,1261841683
1275,Lucky_2001,1261834320
1282,derack180,1261872546
1293,balajiashwin,1261865765
1296,mrigankodhar0001,1261873085
1299,flawed_hooman,1261843753
1306,Bhanwar_lal,1261844132
1307,Ravi_21,1261851925
1309,codingDitto,1261836210
1311,Kowsick_07,1261856716
1314,Akhilesh_Pokale,1261852136
1321,arkajyoti2708,1261844623
1326,sahil3014,1261844731
1345,ishita_agarwal_139,1261853283
1346,satputerohit00,1261845709
1347,youknowho,1261860744
1357,ranikumari620,1261846073
1366,Ag_Parth1,1261853899
1367,yash_leetcode,1261861321
1368,fawaz_the_coder,1261868506
1370,ayush_g12,1261868590
1371,Roshini_3031,1261875774
1376,Joshiiii,1261854414
1378,ROHITH_JV_21,1261876141
1395,ShivamV952,1261862632
1406,Hashcode-Ankit,1261848236
1416,ag02012003,1261870763
1418,ritikrao7,1261848922
1426,anchalsaroj12345,1261845295
1431,rohit_gurram_145,1261864313
1457,coderloni_71,1261879827
1458,utkarsh2103pawar,1261865584
1464,g90UbMztQ3,1261858483
1483,Somnath-Roy-JU25,1261859030
1484,Code_ration,1261851540
1485,asfdsgdgs,1261880741
1494,Shaheen04,1261866825
1495,kapoor_aryan,1261844556
1499,kprabhav1323,1261859877
1504,RajanSingh08,1261860248
1510,21r01a04r9,1261882102
1529,Garvit_singhal,1261875681
1530,gunashekar_07,1261883055
1533,user0506jP,1261868632
1541,hasna_shaik05,1261838865
1552,xlr872,1261869113
1563,Atul_Raj,1261854981
1570,rajan-2003,1261884540
1572,Shyamji07,1261884583
1577,abhisek7264,1261853027
1592,Param_5750,1261877846
1601,Rohit_Kumar_Yadav,1261878023
1630,Sweta_Nitrr,1261850165
1639,shrey_30,1261879627
1642,harshvardhansb,1261865525
1647,Priyanshi31487cs,1261865776
1650,Prathamesh_Gawas,1261880279
1666,Madhav1208,1261881045
1668,TheCodeRunner,1261881105
1673,Vivek_765,1261859699
1683,ni_shant,1261860415
1698,itscodefupanda_,1261875530
1702,anushdubey01,1261868705
1712,jhaeeshani,1261883810
1715,amanjoshi_11,1261847951
1737,himanshumahajan138,1261885520
1756,kushsengar,1261857761
1757,NikhilDew,1261879398
1765,arpitgupta4521,1261880041
1771,PARTH_KP,1261858951
1780,S_k_b_17,1261881062
1782,suckmabol,1261881152
1786,NaveenSoni,1261836783
1790,ss944861,1261860186
1791,shivang_356,1261872431
1805,nayasha434,1261882985
1807,nayar_aryan_47,1261839890
1815,Rigmarole,1261883835
1818,revanthpasupuleti18,1261869642
1825,spidey_134,1261884481
1841,rash0507,1261878454
1846,Jeffrin2005,1261849738
1875,_codinggirl_9122,1261881911
1877,SHIVARAMALINGAMV,1261874611
1884,2210080024,1261875277
1885,21bce129,1261882635
1889,Sunscarsony,1261853920
1891,VIGNESH_K_B,1261880416
1898,anurags10203,1261839118
1907,Hariharan1828,1261847838
1909,kashyapsatwik29,1261855606
1915,arjyo851,1261885336
1917,durgesh_mandge,1261885543
1925,visinigiri-aditya,1261833825
1941,user8905yv,1261866449
1964,SOOS2908,1261877921
1973,srinadh_narne,1261851822
1984,arghyapal123,1261849315
1997,Bhushan8478,1261883263
1999,ankityadav13116,1261883492
2000,sharma036harsh,1261846876
2016,rishabhchaubey,1261877919
2018,CoderTLE,1261879180
2023,ravindrayadav78795,1261851238
2028,Roopa_28,1261874068
2033,rishabhpayal,1261837460
2041,okaditya84,1261841977
2055,thotabhargav111,1261860617
2056,hni077986,1261841516
2061,Agastya3636,1261842109
2065,indujan1024,1261875015
2066,Arshad_18,1261875218
2071,naresh78,1261841183
2072,ads4k,1261833633
2073,Deepanshu30,1261851035
2080,Janetshiny,1261844616
2091,resham_hansdah,1261851868
2095,DHANESHJOSHI,1261835394
2097,contactujval,1261870142
2104,SKishor12,1261862727
2108,LOKI_29,1261850440
2110,coderupesh725064,1261875362
2122,manutyagi17,1261852640
2126,abhiji04,1261834666
2130,kiran_24,1261849203
2132,kalyanburri874,1261860193
2135,BitWeird06,1261864016
2136,12112007,1261843129
2137,Prathmeshjain_,1261843625
2138,2210040021,1261867241
2140,karandeoli444,1261854692
2142,bikashpdyadav11,1261873567
2146,sree_369,1261877742
2148,anti_quark,1261878140
2150,2210040103,1261873270
2156,rajat1710r,1261877754
2162,avinashyennam01,1261867253
2163,ayush2420,1261877973
2165,Rutik_Jalhare358-,1261872277
2168,smarakpatra2711,1261883300
2170,anandsagarim,1261875067
2172,anwesharaniG,1261885815
2173,007_sagar_kumar,1261871637
2174,vigneshwar44,1261882863
2177,alpha404,1261884392
2180,noob_56,1261885841
2181,Abk999,1261874221
2184,thatditsyboy13,1261842806
2185,uday0506,1261879099
