581,2210080008,1261838154
652,2210030378,1261843940
654,mayukhacsm,1261843988
800,2210080055,1261853323
818,siddhantR007,1261850260
DQ,ajitesh_kittu,1261848124
DQ,kirithiv,1261843276
887,shridhar_pandey,1261859358
924,Ridh123,1261846110
937,vaishnaviyadav_25,1261839443
984,dhruv_g,1261864083
991,2210040030,1261841713
1015,phoenix_blaze,1261858328
1091,_mugiwara_,1261846778
1148,PritikaPriya,1261865562
1155,Kalki4568,1261865767
DQ,21r01a04p9,1261873171
1181,Swapna16,1261860050
1193,explorer245,1261874827
1246,prateekgoel2002,1261855888
1258,theabhaymalvi,1261871083
DQ,Abhineet_saxena,1261860979
1262,JENIFA_S_JOANNA,1261871346
DQ,ankithathanneru,1261878922
1293,2210030352,1261872707
DQ,Grind_Like_GM,1261874677
1376,notxkaran,1261883940
1444,sai_2210030348,1261842649
DQ,arorahimanshi55,1261873845
DQ,Akshat_Shah_72,1261884299
1816,Shreya_Mathur19,1261863404
1860,kandelaabhilash,1261881647
