180,niteb64653,1267554804
202,avanishrajsingh,1267549430
229,harshal786shah,1267560214
231,a94917286,1267624677
235,bdyby0111212,1267574837
243,amankushwaha57,1267547095
244,anushdubey01,1267545316
245,dharaneesh_j,1267657180
249,realshubhsinha,1267660029
250,theashumishra,1267573501
253,ketan270,1267618674
258,EZHUMATHI_S,1267636052
261,Um4irS44d,1267560888
262,anshu_09,1267653072
266,soumyakumar2k24,1267583929
270,2210030255,1267587935
273,karna77,1267563055
290,Lucky_2001,1267535912
294,maithili2931,1267561598
298,rajatjaishwal,1267645350
318,agarbatti,1267603754
321,Ayush272002,1267536747
322,Timid_Tom,1267537427
339,user8749v,1267538514
342,rieckace,1267647763
343,vedanshraghuvanshi7,1267634141
346,astitva0404,1267610279
347,khanfurkan090,1267575935
352,Deepanshu30,1267523613
362,vikash2906,1267540864
371,sushantkumarmishra2023cse,1267646801
372,suyashshahapure9763958021,1267592847
373,DHANESHJOSHI,1267587047
374,saiakshhayaa,1267641275
377,Ashpak_Patel,
380,cheat121,1267567281
