DQ,niteb64653,1267645630
DQ,avanishraj005,1267657177
DQ,harshal786shah,1267661024
DQ,a94917286,1267661065
DQ,bdyby0111212,1267662732
DQ,amankushwaha57,1267658724
DQ,anushdubey01,1267665691
DQ,dharaneesh_j,1267665696
DQ,realshubhsinha,1267652803
DQ,theashumishra,1267666808
DQ,ketan270,1267667118
DQ,EZHUMATHI_S,1267667845
DQ,Um4irS44d,1267668099
DQ,anshu_09,1267668620
DQ,soumyakumar2k24,1267670146
DQ,2210030255,1267670905
DQ,karna77,1267671492
DQ,Lucky_2001,1267667686
DQ,maithili2931,1267668466
DQ,rajatjaishwal,1267670242
DQ,agarbatti,1267670839
DQ,ayushacharjya,1267671571
DQ,Timid_Tom,1267671761
DQ,user8749v,1267659851
DQ,rieckace,1267668973
DQ,vedanshraghuvanshi7,1267669123
DQ,astitva0404,1267663774
DQ,khanfurkan090,1267671261
DQ,Deepanshu30,1267654580
DQ,Lucif3r_,1267670127
DQ,gamerzayush62,1267667495
DQ,vikash2906,1267667996
DQ,sushantkumarmishra2023cse,1267671833
DQ,suyashshahapure9763958021,1267667220
DQ,DHANESHJOSHI,1267664316
DQ,saiakshhayaa,1267668932
DQ,Ashpak_Patel,1267668927
DQ,cheat121,1267634980
