353,lazyboi0001,1327404055
378,bdyby98711121,1327416014
424,aiswalprince07,1327420219
481,Pratham012,1327424699
524,rohitrana2429,1327427134
527,sks1122,1327427248
537,NITISH_200,1327427897
542,user2628ZB,1327428424
549,new_user__DG,1327428716
568,Rimmi052,1327429719
586,anshumantripathi774,1327431116
588,shlokfreelancer,1327428496
591,21R01A05G3,1327431352
597,mohan_312,1327431728
601,gitanjzli,1327431999
616,cmrit25_21r01a04e7,1327432568
637,rohit_verma123,1327433838
651,Lucky_013,1327425418
655,way369,1327435142
659,Arjuncherukuri,1327425928
661,Acodewings,1327426077
665,26mayank26,1327435591
673,hitanshu_verma,1327426473
678,shaik_jamal_vali,1327426611
679,Manaslc07,1327435973
682,Abhoy09,1327436162
690,surajsh4646,1327436357
699,shipraa08,1327427500
708,georgopol101,1327418428
722,sujeet17,1327437719
727,yamyamlmao,1327437994
739,projectvchat55,1327438571
748,pillla_pavan,1327439143
749,Malwareman007,1327429934
756,JaggaDon,1327439729
763,ayush_0606,1327440022
766,payal333,1327440195
767,user8521cP,1327440201
771,its_samprith,1327440460
777,dedhooma,1327440749
778,manasparasar,1327440779
779,ShivamSingh2207,1327431605
781,suchitra_1530,1327440905
783,anand033,1327431799
790,RGcodes1405,1327441346
798,Helohapy,1327441891
803,poke_coder,1327432822
809,Parnika_Mathur,1327442464
816,keshav510,1327442738
820,ujjawal23,1327433511
835,krishux19,1327434384
836,garvitgoyal058,1327434471
839,KrishnanKumar,1327443796
844,chennuharshini,1327444076
846,hiteshdpatil2004,1327444349
854,Shalini_28,1327444766
862,nimbalkarsiddharth18,1327445176
868,awesohame,1327445423
872,curio_moody,1327445643
873,leena_05_02,1327445658
874,ragavi24032004,1327445677
875,gayathritati367,1327445716
879,harshazad00,1327445871
880,hemanth00405,1327436498
884,piyush_kumar41,1327446271
885,leetcodeuserworld,1327436831
892,Abhinav021104,1327437077
897,nhub,1327437305
898,sergio786,1327446738
899,sojal04,1327446759
901,cEk0L5O9f6,1327437394
902,yuvraj20270,1327437398
909,azfar456,1327437585
910,klaus-mikaelson,1327437589
917,gautamssingh01,1327437833
922,Dharmendra2k24,1327429019
942,Aman_Tiwari2002,1327448293
943,21501A05E3,1327448331
945,adityaarya03,1327448430
946,karthikeyan30,1327448435
947,tech-in-tech,1327448449
950,ADITYAGABA1322,1327439113
952,rajat_2609,1327439192
958,Anant_Tripathi30,1327448757
963,NooBCoDeR_AD,1327430298
966,singh1_,1327449026
971,Toshiksharma,1327430596
978,sahin_D21,1327449373
979,shubhamsinghssm02,1327430741
990,srinidhiv03leet09code,1327440302
1004,ankittiwary9888,1327450480
1005,anubhavpatwal29,1327441121
1014,Ayush_singh001,1327450698
1023,Pavithra_111,1327451124
1024,CheechLi,1327441824
1029,Prateek_0007,1327442022
1033,Tarun_02,1327442075
1052,rahulg0802,1327452030
1057,choubeyprajjwal,1327443100
1059,yaasshh_2112,1327433942
1063,priyakumari098104,1327443469
1070,BittuSharma,1327443743
1093,Yogesh_1465,1327453681
1096,samtoosoon,1327435238
1097,Sabarna_tensei,1327444569
1105,tansark,1327436718
1113,ContestHacker007,1327445077
1115,VaibhavxLegend,1327424206
1118,ishanpandey_13,1327426576
1144,_aryan_gavhale_,1327455057
1150,Shivam-a-coder,1327446121
1153,Abhishek_Swaroop,1327446270
1156,salilmotoe,1327427679
1161,myselfprachipatel,1327455538
1162,abrarullahhaqqani9,1327455553
1169,kanishk755,1327446589
1171,Bharat_katariya,1327446671
1180,raunaksinghal15,1327437640
1182,priyankashra,1327447088
1186,gowtham1212,1327447359
1187,Kumar_Vinay,1327428744
1189,vidhan59,1327456531
1198,tharun_mohith,1327456948
1201,Ashura70,1327447888
1202,soumyamaheshwari,1327447894
1205,amandeepkumar,1327447974
1207,Rakshith_aids,1327457164
1208,geetha75,1327438669
1210,piyush2509,1327438700
1225,Amudhavalli_r,1327457595
1226,faraz_mansoori,1327457633
1238,jaskaransingh1255,1327448799
1243,suji51,1327449002
1245,deep_voyager,1327458096
1246,vivekkumarsingh20000,1327439681
1248,Sabyasachi_Biswal04,1327430526
1250,nandinigattani,1327458240
1257,21501A05F2,1327458478
1266,priti_3901,1327449769
1273,Harik1107,1327431387
1282,liontech,1327450423
1285,Ashish_leetcode_1,1327441274
1288,bellaCiao_1911,1327441453
1290,BHAVAN_ARIMAAN,1327441500
1293,XFCRvQ8JQN,1327450944
1301,NaitikPatel2103,1327460193
1309,nihalreddy370,1327442025
1310,rapidsaurabh2404,1327442066
1315,ashrafmd22,1327460464
1325,abhishek1821,1327451694
1327,kvijesh0405,1327460768
1329,as_007,1327451828
1330,devendar11,1327442536
1332,VaibhavSh2k3,1327442575
1334,ayushsaxena0302,1327442627
1341,paramgogia,1327452065
1342,utkarsh-jain,1327442875
1346,mayurranjan96,1327442968
1359,Spyy_23,1327443309
1361,dhruvsharma190801,1327443363
1364,kt-11codes,1327452673
1372,sakshii6-5,1327452813
1382,kiran4560,1327452897
1383,harshit1729_,1327461966
1393,BatsAndBytes,1327462186
1394,Rohini_08,1327453196
1395,bvc01654,1327462224
1412,harshal_patil15,1327435390
1416,darshika5406,1327453946
1423,chad_guy,1327454289
1425,jahnavi2003lenka,1327454327
1437,code_driller,1327463650
1451,mohdirshad1306,1327445927
1454,namang_1502,1327427338
1457,VasuXMidnightGeek,1327437902
1458,balajik93907,1327455269
1463,bttfa,1327464396
1464,talhatabrez,1327446319
1468,geetesh6517,1327436982
1473,Kunalsinghrajpurohit,1327464630
1474,chirag3102,1327427944
1484,AjayKr2023,1327428224
1487,Impu_dent,1327447019
1495,aryan_raaj,1327456443
1503,sidharthgrover28,1327438172
1509,yuvrajsahni3,1327456928
1511,nishtha456,1327465982
1514,Ashini_27,1327457062
1519,LeetLoomer,1327457361
1520,yashijklm,1327448294
1529,yamraj09,1327448703
1532,Vinni_codes1123,1327466806
1534,jolly24,1327430221
1538,ishhhant,1327439556
1543,Tushar1607,1327458248
1552,SouravRawat,1327458572
1558,Konsept,1327440395
1560,ajitashwathr18,1327431242
1562,InFaM0Us,1327458953
1564,Arknight9437,1327440741
1568,anand_nitp,1327459240
1569,Agasthya_Shravya,1327450273
1580,mohitnandan81825,1327468412
1588,krishnasri552,1327459693
1604,dantevale333,1327451178
1625,ABleetcode_17,1327442238
1626,srinivas1667,1327451767
1635,Shivanshu_Dahiya,1327469723
1640,2210030406,1327442526
1647,Dharmesh21,1327451967
1651,kvt_one,1327470074
1676,harsh-sharma036,1327443748
1687,tempmoky,1327434944
1688,bawin_04,1327471387
1691,mdd14499,1327453486
1695,priyanshub18,1327444362
1696,abhijeetSrana,1327453555
1698,devyaduraj,1327453609
1709,itsAyush1411,1327435552
1711,Akshitharayala,1327472071
1712,jayneeshk,1327463153
1716,shuu_anshu,1327463252
1725,Kavya_Sri_Puvvada,1327472367
1728,utkarsh_gt7,1327435963
1729,Ankit3388,1327435968
1730,Sachin_Shaw27,1327463533
1740,devanshsharma,1327463799
1742,Aryan012,1327445733
1744,khushijagwani,1327463875
1746,4oImcN7nLx,1327436398
1748,Sherlock1603,1327445842
1753,white444,1327472838
1770,Ghaie_1009,1327455466
1776,speedan0123,1327464662
1777,ayushmeshram,1327455632
1779,Mitraankit,1327455672
1781,21R01A67B6,1327464738
1789,haresh412,1327456084
1790,imdotrahul,1327456087
1792,chirag713,1327473866
1797,atharv123_aj,1327473966
1809,_KumarAbhishek2001,1327474148
1816,roxxon,1327465576
1820,CoderSri_02,1327456755
1832,Nikhil_Bhardwaj13,1327465988
1838,MrXDEY,1327466127
1840,Escajaysin9506,1327457161
1842,lavanya_007,1327438707
1861,danger_2024,1327475633
1862,nandinigattani_,1327466812
1871,sumit104040,1327449122
1880,pawankumarsahu620703,1327446490
1892,yandurisrisai,1327458645
1903,idc_5298,1327459080
1904,21r01a0507,1327468085
1905,rishabh_05,1327450179
1909,gurmeetrathi,1327468193
1911,Ayushy,1327459389
1920,Amritgupta1,1327450878
1937,sarthaksonar10,1327469079
1942,AmanS09,1327469286
1948,202111085,1327469454
1954,jidnyasa123,1327460668
1955,chauhanr577,1327460678
1963,naman_agrawal3,1327469811
1971,le__programmeur,1327442836
1979,Shivam-Chauhan,1327470494
1980,21501A05E8,1327452537
1982,akrajput1311,1327479121
1986,Animesh04,1327470744
1989,syed-israr,1327470873
1994,Bhavya_Gautam,1327462061
1995,jiteshgogia07,1327462109
1998,an_akin,1327462134
2003,sakshamsharma809,1327453302
2004,ismaeelmd01,1327479827
2011,Anisha_Kashyap,1327462470
2013,MehtaP1,1327449750
2020,ishwarya-0705,1327480315
2027,pallavireddytummala,1327471935
2032,kamalcbe86,1327480645
2037,sapnil_modak_90,1327472164
2041,jaarshit,1327463377
2043,matrix_001,1327445226
2044,cse_32515,1327480916
2057,Boss_R,1327464013
2060,Ruthvika_2022,1327481413
2062,faizanak786,1327436548
2066,Cosmo_X,1327445996
2070,vitthalk_15,1327455106
2076,jai_bholenath,1327473107
2084,hehe63,1327436907
2100,Manas06,1327482160
2102,King_hacker,1327473703
2110,ravx,1327477656
2117,Michael_12345,1327456334
2120,Pawan_1kumar,1327465501
2123,5xAGnAubYQ,1327482915
2134,ANJANI_VENGALA,1327483204
2139,pandeyprince488,1327438499
2157,Ayushdotcom,1327475386
2158,kaustav2002,1327457636
2161,abhinavchandel_01,1327483950
2165,Ayush_999,1327466754
2168,hardik241,1327484060
2171,milanmaity18,1327469434
2180,cherukuri-prasannalakshmi,1327476064
2189,ujju_07,1327440198
2195,Poushikv2,1327467638
2204,im_shreyasingh,1327485175
2219,raj6290,1327468235
2223,yash_2004,1327477092
2232,vedanttaak,1327468685
2243,AustinAswin,1327441714
2250,theridham,1327477904
2251,harshjain_77,1327441963
2253,Bhanu_pranav,1327477971
2257,THINKIT,1327469403
2258,Ak_4723,1327442204
2259,gepedot478,1327414078
2264,SuperV02,1327478333
2265,user7169lV,1327486976
2269,Vaibhav_Arya007,1327469827
2270,yogeshrathee,1327487076
2288,navneeShriwastav,1327452293
2291,himanshudeulkarhd1,1327487658
2296,yesh_the_devil,1327470544
2299,dimple_9,1327479179
2303,mishrasn924,1327479290
2304,ahmad4raza,1327461792
2310,KESHAVAGARWAL123,1327479612
2316,divyasree16,1327479840
2320,vamsika_s,1327484891
2321,Daak_2211,1327488717
2322,rishabh0198,1327435088
2325,Sleepyrebel,1327444472
2329,Lux27,1327489016
2335,brij_kishor_thakur,1327489233
2336,lemon-reddy,1327471985
2342,annanay1607,1327454153
2344,aniaura,1327489405
2355,azulon,1327454411
2356,Ojal__Patil,1327489567
2368,mkg825426,1327454708
2373,tejapilla18,1327481318
2375,palak675,1327490063
2382,divyanshudev,1327455056
2389,Premthakur50,1327490394
2394,hiralal_05,1327473255
2405,dj_gupta1929,1327483249
2411,rudreshdixit757,1327490959
2417,_akash_0419,1327491012
2420,kathan07,1327465037
2424,Sanat999,1327473978
2428,Viraj-Mathur,1327447239
2430,shubham8959517846,1327455541
2440,38bny7UdCP,1327436140
2446,santosh_saroj2489,1327474511
2449,vrajtalatii,1327474646
2451,AbhishekThakur_9716700,1327483176
2456,glagoid,1327492031
2466,randomur,1327483581
2471,abhishek_av,1327483630
2477,Loveneesh_Chopra,1327483790
2482,shahmoksh001,1327466616
2487,Harshal_0901,1327492816
2491,hunterr7,1327475854
2498,ChaitanyaRam,1327493294
2513,ObitoDevv,1327467791
2516,Low4ey,1327458930
2517,AB_J,1327493915
2520,imkartiksoni,1327459008
2524,sameerkhurd,1327459073
2525,klu_2200031117,1327459074
2540,prudhvi300,1327494394
2544,zapiers27,1327450541
2549,Ashutosh2004,1327459669
2557,santhosh_kumar_13,1327441563
2561,vishalkumar128000,1327460000
2567,huntermarchi17_03,1327460147
2570,SarthakPorwal,1327486351
2583,_Samjain,1327486608
2588,shivanshmehtaa,1327486856
2589,Shaufer,1327478299
2592,ayush_22222,1327460715
2599,vaishalitiwari_07,1327487261
2605,2_pointers,1327470208
2607,Shivam_kumar_twenty_seven,1327470216
2610,mehrotrarishabh100,1327443047
2617,user5062rJ,1327496268
2624,KLU_2100031512,1327479150
2637,sreevidyapatamsetti,1327453147
2639,db-boi,1327479717
2643,Abhigyapandey,1327497070
2646,_7vik_,1327488597
2650,zaved,1327444326
2652,anshulkumar22,1327497322
2659,187shubham,1327480301
2661,siddharthp17,1327453857
2671,Slagnajitt,1327463215
2681,rohit454545,1327480920
2688,AmajalaChaitanya,1327498493
2696,Prithvijit_3019,1327498671
2697,Aryaman_15,1327472801
2699,Yash139,1327466188
2700,Pranavpd13,1327472940
2707,ashajyothivelpula,1327484052
2711,deepakshandilya,1327481933
2718,Mitsu_9835,1327499505
2722,smritiPriya05,1327490883
2734,yashrajrane04,1327456418
2739,KUSH300304,1327456448
2740,Varshith_L,1327465441
2741,ishikajaiswal_16,1327500185
2743,jankush905,1327500253
2744,user6395Ra,1327491537
2748,imadeep,1327447501
2749,uttamkr_roy,1327479629
2751,ASmoon,1327500348
2755,sammandy,1327483008
2770,anupamy140,1327457324
2780,m_deepika,1327476166
2781,ashisbora1112,1327448527
2782,risshikudeshia,1327439135
2783,tushargupta17042003,1327501336
2793,amanjaiman890,1327484218
2808,0ymAxS6ORr,1327458373
2816,krishna_234,1327438344
2818,rnema19,1327484699
2824,sahilsrivastava827,1327476368
2825,prathampk,1327467578
2826,ajay2728,1327493626
2828,sukhdev_21,1327493745
2831,Aswin_code22,1327502601
2839,Barsha_511,1327502770
2847,Nova_05,1327459211
2850,arp105,1327485522
2860,muGDWaovHp,1327450535
2866,ANKUSH_234,1327477269
2869,dpt_tripathi07,1327503333
2870,Krish_mavani,1327503334
2876,thisisrj,1327450854
2878,AbhishekJamkar,1327441553
2882,shreshthg30,1327472702
2886,Bhavya_2808,1327486279
2900,koushikganta64,1327484042
2904,arshitagupta25,1327485004
2912,pavan1010222,1327465100
2919,Nitish_nitin,1327478814
2926,dhinesh1278,1327470392
2928,klx60,1327461410
2931,tahfeezmir,1327496378
2935,bikram_sutradhar,1327487882
2939,Saumyachaubey,1327496561
2942,Kartik_agarwal,1327488227
2943,kedar_1813,1327461983
2951,Ajeetkmishra,1327479859
2962,teenaupadhyay123,1327471522
2963,sandykhot10,1327471523
2965,Vivek_kumr,1327497473
2971,SABBINENIAMRUTHA,1327462931
2987,suryasps20,1327481165
2996,Gourikadhiman,1327498798
2999,shuklaavanish729,1327498864
3009,viper_ryno,1327471331
3013,diksha_64,1327481935
3035,RajaKumar007,1327447582
3037,jitendarey2469,1327438162
3050,Debmalya_Kuila,1327457170
3051,rankol,1327438749
3061,rudra5262,1327439045
3073,himanshudixit2406,1327458123
3075,VIPUL_KUMAR_IIITA,1327475940
3082,prat-zzz,1327502013
3084,Namankumar293,1327502032
3086,Aritra03,1327458473
3095,adityakumarsinha20052002,1327485062
3102,TeenaBambal,1327459087
3103,Chief-DS,1327473236
3121,kunalkherd197,1327494725
3122,husainm8570,1327486094
3136,Sushant_012003,1327486419
3137,OmTomarr,1327486495
3142,Sanjeevitha_cs,1327460445
3149,anishmatj2,1327491119
3151,lonesomeghost,1327504498
3156,akhilreddy_13,1327487021
3162,rocktush20,1327505005
3163,Indrajeet_Patil,1327492899
3173,FSQ0oAuUnZ,1327496240
3176,valendradangi,1327496321
3180,Yuvika_14,1327487825
3183,sangam_verma,1327496507
3188,its_kaiser,1327479394
3193,sayaksardar1504,1327496751
3194,abhiramid,1327496753
3197,shakthi_poovannan,1327496923
3203,chitresh_cm,1327471381
3219,Arjun9064,1327463010
3226,ayushchan3001,1327489568
3233,Mehla16,1327498451
3235,shinchan_1207,1327489878
3240,kashyap19,1327436397
3242,gaurav-37,1327490052
3245,Vikas_singgghhh_19999,1327472922
3251,Pankaj_S_Kumar,1327481846
3260,tarunsaini1357,1327499624
3262,aj_learner007,1327455997
3263,Rj_jhaji,1327491027
3267,dynamik_12,1327499887
3284,Mahesh_Kakde,1327500564
3286,rohan_mittal525,1327483341
3297,XYZEE6291,1327500870
3298,Tanmay_8,1327492218
3305,CodeSagePath,1327475410
3307,Aakash2341,1327501388
3318,adhishthanashok,1327501761
3319,singh_anant,1327467044
3323,priyaaa15,1327501914
3326,meghana_15,1327502131
3328,shivamshah11,1327484701
3331,yashu_99,1327502318
3337,chetna_srvstv,1327494191
3338,Ruby_44,1327431693
3340,rajputvivek0102,1327450391
3341,praj83351,1327503040
3343,skydiver_,1327459392
3353,Kavi03Invincible,1327485793
3359,CodingBuddie,1327427615
3361,hancker,1327503628
3362,Believer2140,1327486163
3372,Loganayaki_K,1327504482
3373,chiragsawlani1,1327469616
3379,pankaj_032,1327504808
3384,shiven3125,1327505043
3385,kaushal_11,1327495960
3387,Java_Developers,1327452155
3399,gaurav_1209,1327496722
3409,shecodess,1327497095
3411,kamaleshCS,1327479963
3417,dolly_147,1327480178
3421,sawan_4849,1327480363
3441,SahulRaj,1327472984
3449,abhigoyal0308,1327490618
3451,santhosh5424,1327499408
3459,VedantThegr8,1327499719
3460,pranav586,1327468694
3476,Abhilash7799,1327483383
3494,aryann_20,1327439520
3509,shyu_34,1327502465
3510,tanushkumar115,1327449844
3527,exoticqua,1327477914
3529,shouryabhardwaj,1327504108
3532,utkarshbee,1327451418
3543,UtsavJaiswal,1327460591
3547,AryaBhattacharya1612,1327495984
3551,raj_veer,1327455109
3554,ZaVbnpurrP,1327488118
3556,supremo21,1327461923
3561,krishnamadhumitadutta,1327488475
3570,NKJz7r18jU,1327489334
3576,prakharkapoorcollege,1327498359
3587,krish507,1327437177
3604,Sujalv2011,1327500361
3608,its_Lokesh,1327474633
3622,Kulwinder__Singh,1327501327
3624,0007glitcher,1327475540
3634,Anil4082,1327458686
3637,Stylyan94,1327484946
3638,onichaan,1327458827
3645,nainish1873,1327494049
3646,madhavsameer,1327485334
3648,nishkarsh_tiwari,1327468426
3654,dipankarsethi3012,1327451798
3670,Mani-S,1327441194
3672,thecoderunner1234,1327433216
3697,ayushkumr1991,1327480776
3710,8BshEkV7QW,1327462606
3735,1OSIejfmLK,1327493670
3738,ujjwalk_agarwal,1327493871
3754,DanceLover,1327469846
3758,lakbha53,1327495938
3764,21btc135,1327470247
3770,tanishqjjain,1327470968
3774,AreebZahoori,1327480536
3776,user4458AW,1327454228
3781,amanraj123---,1327498769
3786,virat_kohli182004,1327419273
3788,PUSSYNIQQA,1327456666
3804,nandini_Gite123,1327486166
3806,alfiyanajqureshi,1327451471
3818,Parth_10_coder,1327472270
3825,user7731kb,1327464499
3826,jhaa213152,1327437247
3827,Imlak_R,1327437405
3831,Ayushsrivastava22,1327448106
3839,rohitchakraborty081,1327501998
3846,rishi0707,1327486130
3866,Shreyash_Hatkar,1327466523
3869,priyanshu2511,1327501642
3878,devanshcodes,1327487472
3885,HarshitKumarSingh_13,1327436802
3890,Avinash_Shinde1227,1327425121
3892,sumitj3na,1327444710
3893,jenish_bambhroliya,1327437223
3897,himank_pahuja,1327485899
3899,anand_hu,1327439854
3903,sunny_kumar1729,1327496964
3904,karthik_77,1327488565
3907,mukeshbala24,1327437525
3910,Ujjwal84099,1327446325
3914,DivyanshiD,1327488328
3917,Hackerayush,1327436624
3918,sududu000,1327479938
3919,Sreenivasan2002,1327435733
3920,holyhacker,1327491615
3921,yashviagarwal21,1327500261
3922,dhruv_sharma08,1327499056
3924,Komal_1214,1327497260
3927,Komal234,1327457305
3928,RutveeekBaviskar24,1327489737
3929,kaustav_2402,1327483144
3930,siurajsharma7,1327435762
3931,OZFpPVsx6c,1327492802
3933,ghostedshaman,1327412216
3935,sakshi1034,1327434387
3936,tacopaco,1327425471
3937,crrr435t353t,1327427485
3938,Grvslash0213,1327438943
3940,cyberkid05,1327453464
3941,asma_zayn_13,1327456193
3942,LatheeshSaran,1327460269
3943,Mudhasira04,1327471317
3944,sahil_gupta01,1327449685
3945,chinmaykumar369,1327477013
3946,Dileep2003-_,1327482569
3947,hR06,1327439529
3950,Boomikaraman,1327492507
3958,65V9g1njuY,1327450337
3959,gseason,1327437506
3961,mouni2004,1327503737
3962,CondomMan,1327480640
3964,lalbabumahato7,1327484020
3967,user0009VN,1327463944
3968,mohitjangra117,1327447218
3969,uvtL4zPhGb,1327485939
3971,rudraksh_2705,1327440002
3974,Abhihardy,1327419420
3977,kkkk_____,1327442871
3978,sky_is_limit,1327454852
3980,pdg2002,1327462345
3981,klu_2200031591,1327459362
3983,KLU2200033249,1327469776
3984,prajakta212,1327478461
3985,pranathirajula,1327473693
3986,harshvaghela206,1327474777
3988,ArindamMondal140,1327469743
3989,notcyborg94,1327480040
3990,DataOracle,1327471778
3993,hritik732000,1327485364
3998,cooldude777888,1327499043
4001,turing79,1327501275
4003,ashishsingh1542002,1327501898
4005,Ayan_Roy,1327478539
4006,Aditya_DHANGAR_06,1327487019
4010,Deepansha_ranjan,1327497237
4012,SimpLriciN,1327499861
4013,sakiv_ghazi,1327492138
4014,daniel_08,1327492942
4019,harshalatre2,1327496873
4020,shubhamjha160704,1327481011
