803,pandeysujal04,1249559666
1307,mjgupta9135,1249531782
1314,aadi_01,1249527131
1437,__nf3,1249526693
1666,narendraydv12,1249572854
1699,utkarsh_kumar_2802,1249570823
1850,mahesh2003cse1116,1249524847
2027,NTlL3xZNqp,1249571189
2189,sumitpayal99,1249597591
2248,raushan-thakur,1249546423
2350,Ganesh_Sharma,1249600817
2397,rushabh_rn,1249567418
2423,sidgautam007,1249593759
2442,nasaheck,1249603028
2510,sumit1906,1249604258
2693,adhishthanashok,1249582296
2705,ashwinilaxmikanth04,1249591030
2798,S_Arman,1249585321
2876,prs_386,1249602910
2903,satyaki_,1249570852
2998,nikkhilsharrma492,1249613172
3142,prashantRaghuvanshi,1249623531
3158,chaitanya7180,1249616106
3200,21052550,1249591111
3247,galawaydude,1249582514
3279,mittalpranay003,1249618684
3300,Srimathi_sri_3,1249606873
3303,Pavan_kumar_j,1249610998
3331,manik_khan02,1249627108
3438,vikky_cse,1249578908
3460,vikasm7440,1249612485
3490,Shivambhat123,1249607243
3497,Deepanshu_Singhaniya,1249598030
3500,nitishkumar012,1249613636
3509,soham_7707,1249618279
3515,Savi_23,1249614821
3575,gangesh9,1249615967
3635,sweta312002,1249609286
3661,vsai5120,1249609602
3677,pankajpanwar02705,1249609871
3711,ayush2448,1249610724
3718,shivek07,1249610872
3726,kiteratsu30,1249594335
3852,shashanky1502,1249613639
3853,Nandhini_Gangatharan,1249604813
3955,Gifty_Gracelin,1249632179
3966,Naresh_Choudhary,1249616162
3983,harshbhar_0629,1249608405
4018,AlphaHokage,1249617091
4051,Prince_Peeris_J,1249629497
4095,Manishankar_bag,1249618385
4145,Agnus_Serena,1249640139
4147,Inbanv,1249637595
4236,BEAST_17,1249639522
4259,kr966482,1249641932
4264,janhvip31,1249621578
4286,lcb2021047_iiitl,1249614089
4332,21R01A66B8,1249620450
4364,SnehalSalokhe,1249615723
4413,dablu02,1249608409
4425,maaswin03,1249631989
4436,shaileshwaran714,1249624666
4525,Shreedharshini,1249647894
4539,Harimathi,1249648109
4561,Claron,1249648454
4628,Maverickkk,1249604599
4667,Nihitha_devi_S,1249637992
4668,B_Gayathri,1249629172
4755,user3364Bk,1249636434
4825,LeoNik2367,1249646007
4835,sahil3014,1249600525
4866,mahin__7686,1249602472
4884,harshkumar14111801,1249601679
4888,shashankraj_,1249654246
4944,badmaganth,1249650885
4985,Sobiga1102,1249631039
5008,AbhayLodhi24,1249636344
5030,preethisivdr,1249653076
5041,Dineshcoding,1249649952
5068,Ratan_Kumar_Thakur,1249650460
5086,Aafreen_2005,1249655549
5121,Rohit_bits,1249606816
5125,Pranav2005,1249658699
5134,aarthiswetham,1249626748
5141,Hari_49,1249656031
5168,nandyt91,1249656444
5281,Deepa_2006,1249624684
5346,Darkshadow463,1249561045
5349,Reshma_1104,1249662920
5430,nani47218,1249605458
5532,hemanth_varma_,1249645965
5546,devadhathan,1249646109
5551,nayan60,1249608733
5584,vamsibalivada25,1249647895
5627,WHem62WFOH,1249601981
5655,vivek_halder,1249620804
5678,krithick__,1249633240
5732,lavishgupta,1249643788
5882,Pradeesh89,1249565245
6062,Shah_Namra,1249617858
6153,ahmedadel3,1249645008
6243,REAPER2132,1249617115
6251,anirudh7076,1249569995
6274,tanishqsingh,1249655992
6368,lakhanrathod,1249625596
6466,chirag-agar-wal,1249632206
6507,shuklaavanish729,1249662318
6631,madhavmadupu,1249645569
6640,user0958Gq,1249604753
6656,Rohitkumar12828,1249643444
