6795,Shruti198,1249544886
6919,shivgupta19,1249546196
4879,harry_11,1249573780
7397,utkarshagrahari0,1249564821
3765,Ajay_Dhiman,1249555512
7489,VIP-CODER,1249578685
7491,ui20ec04,1249589122
7567,prashantraghuvanshi788,1249593902
7617,Mahalakshmi_SA,1249593581
7622,shivam_bhavel,1249584104
7582,rupalsoni518,1249596011
7673,riteshkumar33,1249569950
7720,mrgreyhat,1249574566
7831,K_Sabarish,1249600215
7333,dhanushwaran2004,1249600291
7968,maihoonprinx,1249571477
8089,nayak25250,1249559731
8162,TheCalmOcean,1249565500
8333,susmitha_sush,1249596363
8336,Ramshankar_Kumar123,1249596305
7906,prakash_aman,1249573383
8386,Vishnu24v,1249608149
7865,ganpatinath07,1249609081
8601,Aradhna_11,1249575617
8645,ishan_exe,1249577118
8696,abhicode04,1249571309
7559,vedanshsingh1209,1249586240
8820,deepanshukatariya200,1249575721
8824,Srinithya_26,1249592721
8955,sh_harsh_23,1249557241
8962,ayushsachan7,1249580347
9028,imadeep,1249560663
8583,Ashish_Ujjwal,1249585988
9195,Bhmi_1402,1249569681
9204,user4678Nf,1249610493
9377,Ksh264,1249606454
9467,thepratyushmishra,1249592417
9507,anish_kokku,1249623370
9533,mahimagupta09,1249625601
9576,user1501Zn,1249622700
9595,ChiragAgrawal,1249606204
8653,Shubham_Vashisht,1249598220
9649,CodeMysticDeep,1249577310
9791,tarunl2002,1249558695
9699,21wh1a04c2,1249629637
9421,Sweta_Nitrr,1249581328
9427,aishwarya_naglot,1249612345
10054,Sabyasachi_Biswal04,1249595449
10125,codeuv10,1249591068
10132,singh1_,1249626410
8590,adityag0908,1249628662
9764,ganesh1a0576,1249606231
10225,VimalAnand-07,1249601647
8464,deepu02,1249630385
10264,AkashP1616,1249626737
8976,YashSharma3,1249580260
10294,devarapallybhashithareddy,1249631948
9640,_Samjain,1249632552
9570,AjainRock4,1249599568
10423,gitanjzli,1249636399
10491,Aloysius_Geneva,1249611647
10494,nishit00000,1249597308
10505,bezzavarapupaulbabu,1249566874
9567,Ajeetkmishra,1249642472
10528,Riteshyadav0101,1249629191
10594,bhavyabhargavi,1249630079
10602,Epsilen_31,1249619811
10610,gaya3_m,1249636655
8833,khushimalik0002,1249622920
9901,SammithReddy,1249585935
10308,himhelloworld,1249624649
10766,varshini_arige,1249644789
10390,error301,1249627361
10922,nishitdixit,1249598661
6956,kshitij_2025,1249643303
11057,Sumitpra99,1249628453
11071,Prachi_sachan_06,1249580149
10786,shivamBasak,1249578769
11116,harikay520,1249584232
11118,hariniiii8,1249654722
11186,safuwan4676,1249604081
11191,user7630ow,1249651704
11224,ASVITHA_B,1249623846
10881,akshatgarg0029,1249642120
10513,Shree_Govind_Jee,1249594311
11246,raginisharma6604,1249642473
7486,user6675CH,1249628583
8372,atharvaingale20004,1249643910
10267,raosonika4466,1249658404
11354,pr0ph3cyx_,1249656305
11365,sony1415,1249609811
11384,banavathsirisha,1249596978
11397,Hanshan_2k4,1249589737
9390,vikas_singh_1999,1249624285
8929,gangstar_dame29,1249631918
8377,pawareliza14,1249624713
11519,HardCoder3112,1249638713
10997,Tejasree_Chigulla,1249656459
11557,yashashvi-J,1249594819
11560,sachinsharma42,1249632083
6937,user2641R,1249643094
11621,Jayaprakash1703,1249660458
11666,mayankraj0786,1249633815
10291,kushagravats_04,1249632916
11744,priyadumka_03,1249637054
11062,harinin0801,1249650412
9291,YashBanal,1249636451
11644,devanshu77,1249576391
11882,sakshiyadav53,1249565350
10901,shradha_g14,1249641512
10622,Donkaprashant,1249636742
11997,The_STK,1249610358
11026,Hi_coders786,1249624262
10878,divyanshu931,1249639689
11962,Parampreet_Singh23,1249608962
12108,Diksha_Jaiswal,1249605590
11794,dharavathrahulsir,1249598673
12212,dharani_1207,1249606218
11821,sumithBare,1249660618
12331,bhandari_25,1249643100
