2,anshu_1_2_3_4_5_6,1268018348
4,shashankp10,1268015330
16,rahul2124,1267994312
21,souvik150,1268036843
68,Its_yash1123,1268077894
77,sai_2210030348,1268080910
83,meeshoniklegaa,1268082766
94,shrinivashni,1268085845
95,AY-10,1268086099
97,Neoni_77,1268086429
100,jumbarian,1268079084
107,utkarshanand959,1268090078
110,Abhishek_Code_Art,1268082940
113,ariyanbhaumik_,1268093213
114,abhishekashj,1268093297
115,ayush11_kr,1268083886
129,shivek07,1268089217
130,Mukeshanandg,1268069643
133,chandra_23,1268079817
137,anchalsaroj12345,1268099145
138,prateekgoel2002,1268090286
139,2210030477,1268099325
140,nikhateaditya123,1268081075
149,Nidhi_Satyapriya,1268083176
152,pg_2,1268101622
153,akddas22,1268084661
161,Radhe_Coder,1268088198
164,Anubhavpandey788,1268098062
170,coder_1823,1268080837
176,nayar_aryan_47,1268100891
178,niteb64653,1268082859
180,soumyakumar2k24,1268110073
182,anmol_meet_362,1268110847
188,tharunknkumar,1268111927
189,RevanthReddyv369,1268103581
196,singh_3662,1268113653
197,Rajdweep11,1268114088
200,vikash2906,1268078287
210,R-HexclanK44,1268099079
212,vaishnaviyadav_25,1268108144
215,Shaheen04,1268108388
217,abhinav_prime,1268100019
219,abhay_vyas__02,1268081875
220,codingDitto,1268082007
222,coder_215,1268092424
233,msanjay1907,1268082115
238,iamabhish24,1268085679
246,MNRI123,1268078334
248,divyanshu_0277,1268115011
249,dagar_aryan_,1268098275
250,Shivesh__Gupta__,1268115380
257,Pardha_Saradhi_raju,1268116061
258,AshishKumar-LC,1268080414
261,0xsonu,1268107999
262,adhiadhithiyan2624,1268124600
265,ravisksingh_1999,1268116794
267,Anshuhishek5811,1268090888
268,Shrey0301,1268092369
271,manasraj9546,1268118577
273,221210099,1268119118
275,143_7686,1268083951
276,bdyby0111212,1268119303
277,santhosh3210,1268127472
279,hacker_302,1268111688
282,Mithunajha,1268094710
283,tamajit_ghosh,1268112166
285,DC2415,1268121019
291,prashantContest,1268121979
293,neha_b435,1268096763
295,archisha394,1268105847
296,prahlad_007,1268105927
298,klh2210030042,1268123199
300,Ragul03,1268123705
309,saharanpawan44,1268108179
310,lakshman_999,1268132588
312,JJstar_dio,1268125174
313,user4272Gx,1268081809
314,Shree_Govind_Jee,1268133233
315,avanishraj005,1268133258
316,karthikyokesh1,1268133448
317,m98716,1268125504
319,Aravind29,1268092961
321,AyanOrNot,1268109659
323,Thanush_rd,1268126039
324,devraj24,1268134963
329,ayush241219,1268135281
333,dharaneesh_j,1268135619
339,ketan270,1268126061
340,hemant46,1268136747
343,riya234,1268121463
344,thasvinipm25,1268129279
345,vickyb9,1268129320
348,sujo_21,1268129504
350,rajatjc,1268087570
351,lccfatc,1268138048
355,rushi_mungse,1268131000
358,shiva_rishitha,1268124767
359,user6217iw,1268122253
360,Abhishek_Das_0205,1268116058
361,dhanushwaran2004,1268102827
366,rahul0310,1268140298
368,BHANU_22,1268124420
370,captain_price_27,1268081603
371,AjainRock4,1268117453
377,shanmuga_priya_,1268141751
379,NaitikVala,1268134626
381,VenkataCharan004,1268134872
383,imshubham_08,1268119563
384,Akashmk,1268135362
386,shiralegangasagar,1268111775
387,keshav856,1268120347
388,JhomXfwVe0,1268120375
389,mkliop,1268128268
390,UJJWAL2000,1268129418
392,Bandwidth,1268136855
393,tushar8979,1268121482
397,kadtanvarad,1268104952
398,durjoy123,1268121718
400,harshit1110,1268122131
412,PGadagi,1268124404
413,arghyapal123,1268108090
415,syntaxSavior007,1268132960
418,dhinakarl,1268133183
419,leena_05_02,1268133195
421,vsv007,1268125635
426,rajragul45,1268101221
427,Priyanshu_97,1268141600
430,okaditya84,1268101885
433,abhay7Gupta,1268135247
434,user5881Ql,1268093749
435,jahnavinssdasari,1268142169
436,Krishna-ctrl886,1268135415
437,NANDINI0510,1268142201
441,tesse-ract,1268143399
443,sachin_cpp,1268136117
445,rishavrajprasad,1268120623
451,Vis46,1268144270
454,BanasureAtharva,1268137786
455,arpitgupta4521,1268122014
458,devananth_aluri,1268124978
461,aadityamp01,1268145854
462,mihirmilindkumar,1268145878
471,kunal_jha_7456,1268131762
474,ni_har15,1268107404
475,ramkamineni21,1268142393
482,contactujval,1268140501
486,teja00219,1268109085
487,rieckace,1268117451
488,Shivram_33,1268141507
492,harshal786shah,1268134916
495,Miracle_Magic23,1268128195
498,charizard0001,1268112590
501,Akshay8586,1268144338
502,vinitsingh27,1268129252
503,youknow_me,1268144460
506,bhsdikwe,1268129530
507,meenukodali,1268137739
508,anushdubey01,1268144955
512,vikasmandal8055,1268145365
516,ajaymeena479,1268114863
521,VijayAdhikari,1268131475
523,dharani_1207,1268139758
526,mayankraj0786,1268143033
530,Rithvik_reddy_basani,1268140415
531,ashishsah51,1268147766
533,manishakri05023,1268132919
534,rishabhdidwania22,1268140696
540,anurags10203,1268133718
541,amanlearnscode,1268141419
542,m1a2st,1268110269
543,ayushrakwal94,1268141796
548,uf2021,1268119459
552,realshubhsinha,1268118676
553,rajan-2003,1268120414
560,harikrishnadupaguntla1,1268129878
564,vasudevraut,1268122801
565,kinthor257as,1268146146
568,ayushkr012,1268115184
569,user0506jP,1268139515
570,samar-01,1268146960
572,the_eagle02,1268131887
574,Harshal_0901,1268139925
575,mmXN1eFQuV,1268139989
576,rohanroy1437,1268109072
585,sharmasanskar840,1268108796
586,2210030255,1268127878
587,Lc_Aanchal,1268095154
591,Saksham_chaudhary_2002,1268144289
592,i_m__prince,1268137670
595,aniigupta,1268145230
597,zhanbai,1268022395
598,gauravaggarwal147258,1268138933
599,2110030182,1268146528
602,rohandas34,1268131619
603,tryingall,1268147792
608,ankur145,1268125908
609,trozen_op,1268133896
612,Pratik2002,1268134760
613,deepaks_04,1268081443
614,Saiyaman321,1268127378
615,noob_56,1268119806
616,filliones,1268143443
617,manutyagi17,1268120437
618,imparwez,1268137706
620,AlessandroVikram,1268144328
622,Cypher_19,1268144969
623,Dariksha201103,1268137806
624,Iamankit45,1268105359
627,MPranav_1,1268089834
630,Harshitbro498,1268146835
631,anshulneekhara,1268146843
633,Ayush_2966,1268090832
634,DevP21,1268147825
636,aniruddha_2002,1268110064
641,MdNkyU1mMb,1268143524
650,Evelynne,1268143048
651,Sahilwakode007,1268147703
656,dipesh9765,1268118051
658,niteshbhargv,1268143395
661,sumitj3na,1268146124
663,SonuDutta,1268141762
664,Neel_111,1268134420
668,mukeshreddy2624,1268128769
669,jayasampreethreddy,1268137426
670,BhardwajLakshya,1268130156
672,himanshverma59,1268145000
678,yogesh8839,1268119323
679,akshayamin62,1268135361
681,madangopalala,1268138415
684,umeshgond,1268140856
687,jayareddy7,1268137699
688,Amphitter,1268145440
690,panditsdixitjiyoraja,1268129507
692,NattapongJonus,1268082085
693,ArpitKrishna98,1268133924
694,kush_satyadev,1268141522
695,harsh_saran,1268104516
697,Manu-Bharadwaj-BN,1268147100
700,Sarthak-dev,1268141319
701,jeetparab2512,1268113083
704,lalitsonawane391,1268110216
705,Ankit7rma,1268144905
707,Nirmal-Nanera,1268119576
708,user786456il,1268135444
709,jatin0jha,1268107039
710,manaswirajsharma1001,1268128823
711,loserr_69,1268109264
712,hi_my_name_is_binod,1268083696
716,rohanmanuel123,1268114586
717,Shradhaj1234,1268137456
720,atharvabhadange7,1268119238
748,bhaktitiwari,1268051763
767,O8W3GTDU8V,1268082515
793,SKishor12,1268081596
806,Rajdweep,1268112240
818,Kalpit_5,1268114776
821,Akhilesh_Pokale,1268123305
824,shaikshah,1268124218
830,Roopa_28,1268118143
844,Kavin_420,1268133467
868,shridhar_pandey,1268127793
871,Jegatheeshan,1268140015
883,deteroitX07,1268146200
889,rks-031,1268134715
893,mastersabarish333,1268140526
899,walkingmiracle,1268137295
909,paradox_61,1268093877
910,qpUPNZvFZY,1268097732
912,codingmonk44,1268090542
913,_dirtyBit,1268114903
915,enxgma_77,1268084096
917,binarycodeer,1268112603
919,v3TZ6ZZnle,1268113706
920,hinojad488,1268117613
921,1845jatin,1268112549
922,aishwaryadeshmukh337,1268117274
5745,21R01A05G9,1268137379
6681,LnmfQ4aBrU,1268136303
7121,deamonn,1268138469
