DQ,saumy_85,1274811825
1198,fakrrid,1274799232
1230,penan_rajput,1274797546
DQ,l_Aditya_l,1274799480
1282,udaykhemewar,1274832522
1299,princeyadav3100,1274812072
1320,Keshav_3003,1274799841
1332,atharvkhandelwal11,1274815405
DQ,jatinyadav123,1274817859
DQ,bBExO8MW0M,1274807615
1555,vermaashubham,1274841124
1586,JaiShriRadhey,1274837942
1613,codewithabhi21,1274804215
1615,puneeth225,1274803743
1630,vignat0905,1274806623
DQ,anuragsingh922,1274814598
DQ,Nani_22,1274835625
1764,Kunalsinghrajpurohit,1274804937
DQ,leetcoder_27,1274817865
DQ,mohitucsss,1274839357
DQ,yashra4j,1274806684
1879,sa_she,1274831710
1917,devanshsingh15,1274799456
1940,tejes333,1274848264
1991,DevDynamo8765,1274800623
1994,new_user_29121999,1274796277
2005,HUxieXiBpm,1274831890
2023,ayushp8573,1274833471
DQ,user2436Ve,1274797339
4963,Samriddhi1212,1274796657
4982,ujjwal141,1274806595
5288,kalasher000,1274795494
5294,lcankit,1274805093
5343,Adnick_02,1274816452
5357,1valmikigupta,1274806757
5601,shreetsu,1274814140
5647,ravi_63,1274824983
5740,secndryml,1274798349
5764,manik_khan02,1274818115
5801,harzh,1274809583
5856,Prayanshrajput,1274820837
5926,raj__aditya,1274808752
5948,nitishkumar012,1274814150
6103,rLKMHcxRow,1274809244
6156,Mrdagger,1274810695
6244,Endeavorer,1274813333
6279,priyanshujha024,1274833304
6294,imritikjha93,1274824408
6357,HUM03,1274826161
6364,ParasKaushik,1274816966
6366,abhigyaann,1274797711
6376,mayankghatpande10,1274797929
6383,hritu_raj08,1274827329
6432,Aditya_222,1274809482
6447,palajay9,1274819496
6453,devmaan02,1274829382
6510,shivam_4242,1274811945
6540,crystal13,1274832117
6542,Ayushman_Agarwal,1274803069
6617,arya_shanish,1274815199
6620,Aditya_DHANGAR_06,1274805174
6681,dablu02,1274817229
6719,vivek_halder,1274837576
6807,ankush124k,1274831536
6850,hancker,1274841764
6898,Satyansh2021,1274853036
6938,akki407,1274797499
6942,vinita00,1274854822
6958,springymate,1274817368
6980,ronitjainrj,1274837249
6986,not_so_dark,1274837707
6993,Mamunuri_Vishwendra_2004,1274828521
7046,contest_man,1274849203
7105,alokfighter970809,1274842807
7132,tvinay_22,1274834403
7157,abhishekyadav7102004,1274844581
7165,pratzzz2432,1274813774
7179,Saptadeep717,1274836375
7234,jenilpatel1217,1274848562
7254,PrajjwalitHere,1274821791
7292,Comderop06,1274851842
7326,AroraInsight,1274853202
7416,shivamgupta_12356jk,1274840902
7448,nit_yatiwari2410,1274852591
7465,arijit__12,1274853982
7481,singhshagun05072003,1274845748
7487,vinaygautam93,1274855692
7517,axh_yn,1274831041
7520,morashish,1274831526
7522,pyaracetamol,1274850124
7523,kuldeepbisht91856,1274850157
7524,sarath69,1274831843
7590,vedu1005,1274848423
7603,yashashvi-J,1274850674
7615,AnujG12,1274843695
7625,Pranay_1718,1274819237
7672,abhinavthube,1274853689
7684,neelmittal2903,1274838005
