128,Aku_anju,1282349317
135,Edwards310,1282348350
1150,muralim024,1282312421
1180,eternatus_11,1282313587
1256,pramit_nitro,1282315992
1267,satorugojocj6,1282316564
1355,SHAHSAI,1282311074
1378,raghu240,1282320393
1403,vishnuvardhan_g6,1282321312
1404,oreo_shake,1282312650
1432,Coder_DogeshLala,1282322372
1457,aditichhikara123,1282314428
1460,CommandX,1282323109
1520,22r05a0425,1282315980
1526,RosaDiaz_99,1282324842
1529,21r01a05k7,1282324987
1547,Saumya_chaubey,1282325461
1615,bhalerao-2002,1282327760
1737,kamal_chandra,1282330864
1804,Saumyachaubey,1282324336
1830,Anurag___Chauhan,1282324782
1836,kanishk03,1282333171
1893,Sai_charan_19,1282317944
1940,savetrees,1282318776
1951,utsavSingla_11,1282335940
1982,HIMAVARSHINIANNAREDDY,1282336674
1986,atul0917,1282336762
2009,akshatsinghal0313,1282337284
2012,aharmless-potato,1282337359
2016,gaurav816,1282328671
2023,vishnu1252005,1282328846
2042,coderSnehasish,1282329214
2055,its_Ara_Ara,1282329548
2070,bluemincoder,1282321790
2112,vikas7754,1282339726
2145,Kitetsu,1282331617
2152,harikay67,1282315095
2159,K_Piyush2004,1282340638
2170,rdevika861,1282340841
2178,khushboosinghal25,1282341073
2239,codeask10,1282342409
2252,kiu2023spring314,1282342700
2260,aman11advani,1282342797
2261,mayank07890,1282334148
2271,guptayash5911,1282325931
2277,ashisharyan675,1282334462
2303,Flawrence,1282334934
2347,nikhilrajbhar,1282335889
2357,sri_246,1282344543
2375,ketan270,1282344968
2378,user4609eh,1282345003
2396,prxthxxmmm,1282343286
2436,Riteshyadav0101,1282346166
2464,tulugu_sai,1282346721
2480,Mounika2810,1282347056
2490,menace__,1282347262
2511,supercats,1282339387
2530,pdas0354158,1282348303
2532,itsad9513,1282331201
2549,itshemu,1282331658
2576,SaumyaM_2005,1282349445
2588,abhilash_29,1282349586
2603,harshshukla14,1282341507
2605,Sourabh_chakravarty,1282332731
2627,Gaurav_Kumar_Gupta,1282350302
2673,parashar__manas,1282351269
2694,guptaritik17,1282343172
2755,aaratrikasarkar,1282352811
2759,user6250AL,1282352846
2765,Abhijeet_1810_,1282353028
2779,vikas_singh_1999,1282344969
2800,GOKULRAJ-L,1282345435
2842,camav46216,1282312377
2850,pravin2121,1282355031
2874,hrs_4010,1282346965
2892,i_Wont_Fake_It,1282322135
2914,imaditiag,1282339384
2983,Hemapriyashree,1282357398
2994,sailesh0610,1282349339
3019,AyushPandey1525,1282358172
3041,sumit7828singh,1282350173
3071,prajwala_26,1282359026
3077,thebookworm036,1282333719
3129,chaitanyabatra2003,1282359966
3145,sameetharameshh,1282360284
3154,amanjaiswar_26,1282333227
3156,user4075Gb,1282335416
3170,goswami__sagar,1282344266
3172,Jayant_goyal,1282360853
3177,vitthalk_15,1282335920
3216,sathyaselvaraj,1282353687
3236,sanjeev_sanjeev,1282353940
3320,nspnaren,1282329696
3356,shoyab_07,1282347368
3367,KhasanM,1282313631
3401,kusuma_12345,1282330865
3438,anshumansinha1,1282340252
3447,srivallisrivalli572,1282357165
3469,ayushp8573,1282357510
3482,gangstar_dame29,1282332230
3646,abirubhas,1282352403
3662,rakshithasheela,1282344203
3663,yagyanshsharma,1282360827
3668,samyuktha_2023,1282360942
3688,054321,1282349283
3702,pratibhabharti2118,1282370351
3704,Jahnavi_konatala,1282353539
3709,sakalya123,1282370484
3722,vishnu_Kumar-Srivastava,1282337112
3725,NITHISH_07,1282370818
3733,Rohith0924,1282354157
3734,anmol1002,1282362337
3748,puneetbhardwaj2666,1282371318
3776,yash212,1282346628
3800,harshraj1162,1282347077
3826,YashMaridi,1282354052
3834,_srinithi_1,1282364461
3875,srinithi2004,1282348328
3878,Ujjwal411,1282366756
3890,adiboghawala,1282348722
3908,sahanamuba2004,1282349080
3956,singharnav_12,1282349899
3980,raghuaanand,1282375723
3990,Sanjay247,1282350463
3996,raja_21,1282358917
4022,pathakharsh2014,1282351107
4041,mehtaAastik,1282334255
4084,shruthiragav,1282377575
4135,keshugadu,1282361091
4142,Tharun_Aadhith,1282353124
4156,skullCrasher_1707,1282370043
4169,SANTHOSH_V_P,1282353402
4223,utsabsamadder,1282337598
4231,BugKiller_01,1282371329
4265,Sharvani333,1282312843
4270,praveenkumar_1,1282355400
4272,Kamal_Nath,1282338449
4275,Rajesh-05,1282380817
4300,Bibek_18,1282355859
4302,arya_lakshmi,1282355912
4317,aadarshaheb_singh,1282381644
4332,Pavarithikesh,1282381780
4343,Rolex_Op,1282373491
4346,prithikareshma,1282356498
4386,dhruvcloudskillboost,1282323415
4421,Sandhya_49,1282383038
4437,Shanmuka_Prasanth_Reddy,1282358167
4446,Shivam1609,1282332724
4451,this_coder,1282358269
4462,piyushp0512,1282350114
4496,addiit,1282358946
4556,sahilsukhdeve15,1282377274
4580,DevDynamo8765,1282343865
4600,nandhinijayagopi,1282385951
4603,Factor21,1282360970
4631,user0713RH,1282378885
4650,_Ravi-2022,1282379279
4651,Abhijeet14d,1282370552
4663,Rajkumar09,1282387190
4684,abhinayperala,1282337698
4693,rithika2005,1282354703
4709,skanda70180,1282382227
4755,Sjx_Subham,1282379756
4776,viswanath-m,1282356306
4777,AnishD988,1282364688
4779,jatingohel7698,1282373385
4834,u22cs067,1282357292
4841,padmini3404,1282382827
4849,Karthikeyan_M3011,1282390864
4869,yash_d003,1282391238
4884,ankitsharmaa24,1282383632
4915,HarshAsthana,1282378600
4942,Sreeshma33,1282392470
4943,samyak_999,1282392522
4948,ohlaaa,1282392555
4970,Samrudhi_01,1282384761
4997,Reeshma_Gidugu,1282393700
5011,lakshyathakur,1282377789
5031,anandkumarjha4422,1282369474
5057,shaileshkaliya,1282353441
5100,adityagautam1911,1282362915
5106,soumyaMalviya,1282380275
5130,Rahul_Jangra,1282346654
5247,varshinimahalingam,1282357417
5273,prithikaa_rn,1282349779
5306,Pragyan__Prakhar,1282391973
5378,sara_poustina,1282352339
5400,Sravya_4,1282353049
5421,srujan703,1282370482
5427,khalidm32749,1282386983
5450,niks2203,1282387705
5461,AniketSharma_01,1282355046
5465,h_agrawal6754,1282338155
5477,madhavmadupu,1282372266
5494,sandeep_kum,1282389039
5551,g_gajanan,1282390972
5575,codes_shivam,1282383661
5591,abhijithakamani,1282384108
5650,alpha___,1282360229
5659,uttamkr_roy,1282394096
5702,Samarth2504,1282337222
5747,lucky_89,1282363336
5772,user6525RL,1282364509
5774,khushsingla123,1282335401
5926,cratdaksh_5070,1282388318
5993,raguram_murali,1282333526
6024,Sachinrajput9313,1282377728
6050,monumeena0112,1282336780
6088,RAMANASREE,1282365602
6096,soundhar_14,1282366342
6107,Jayant_049,1282383982
6116,SahanaShree2012,1282351009
6118,vighnesh_18,1282392696
6125,dxOZMk6NYV,1282385079
6159,rohitraj25,1282372588
6178,siddharth432,1282358469
6251,SACHIN_083,1282357022
6271,kris1610,1282388549
6297,Sridhar5207,1282350876
6302,deepak0805,1282362975
6310,THIRILOSE,1282354452
6322,armwr,1282325607
6333,N-sanjana_123,1282359373
6338,rk_cp19,1282329870
6339,kussu123,1282340925
6346,wittycosmicmemes,1282340552
6361,dcsB9oUgZk,1282338704
6367,Aadarsh_10,1282351725
6392,ilanosup,1282327767
6395,little_master_10,1282374976
6397,harshit_7904,1282392778
